family,t_lang,cue,num,den,metric,kind,n_items,median_num,median_den,median_ratio,ci_lo,ci_hi,share_below_1,median_diff,mean_num,mean_den,prefix,instruct
instruction,en,metadata,instruct,prefix_only,chars,ratio,98,50763.5,74250.0,0.7287493580154747,0.6569370296520229,0.7942645242016255,0.826530612244898,,,,,
instruction,en,metadata,instruct,prefix_only,tokens,ratio,98,17516.0,26601.0,0.7219385682355862,0.6816407945510302,0.7711445024293684,0.8061224489795918,,,,,
instruction,en,metadata,instruct,prefix_only,n_sent,ratio,98,993.5,1492.0,0.7119258366940764,0.646875,0.7625947593935398,0.8163265306122449,,,,,
instruction,en,metadata,instruct,prefix_only,pre_commit_chars_regex,ratio,98,24316.0,23500.5,0.9851600886319689,0.9170722633846917,1.0862622192373703,0.5204081632653061,,,,,
instruction,en,metadata,instruct,prefix_only,post_commit_chars_regex,ratio,98,23632.0,40626.0,0.6485644511052778,0.5474267010237481,0.7061379041846424,0.8061224489795918,,,,,
instruction,en,metadata,instruct,prefix_only,pre_commit_chars_last,ratio,98,43892.5,68367.0,0.7332490514972265,0.6580610436437481,0.7937805070067706,0.826530612244898,,,,,
instruction,en,metadata,instruct,prefix_only,post_commit_chars_last,ratio,98,413.0,108.0,1.5579954954954953,0.8666666666666667,4.734567901234568,0.4489795918367347,,,,,
instruction,en,metadata,instruct,prefix_only,recheck_span_chars,ratio,97,22266.0,38554.0,0.6220342027018937,0.5177018633540372,0.7031774852473899,0.7731958762886598,,,,,
instruction,en,metadata,instruct,prefix_only,pre_commit_sent,ratio,98,493.5,468.5,0.9925731473885699,0.9174311926605505,1.1115241635687731,0.5102040816326531,,,,,
instruction,en,metadata,instruct,prefix_only,post_commit_sent,ratio,98,483.5,809.0,0.5918296892980437,0.526657394529439,0.7016123565036609,0.7959183673469388,,,,,
instruction,en,metadata,instruct,prefix_only,recheck_span_sent,ratio,97,467.0,763.0,0.5647425897035881,0.5137614678899083,0.6844480919162905,0.7835051546391752,,,,,
instruction,en,metadata,instruct,prefix_only,pre_commit_tokens_est,ratio,98,9981.656408481525,9057.543209251908,1.0037820287716555,0.9274164631398643,1.1766521046115748,0.5,,,,,
instruction,en,metadata,instruct,prefix_only,post_commit_tokens_est,ratio,98,8773.67002875805,15478.2269243185,0.6345920065069237,0.5494419158424271,0.7071111577565092,0.7857142857142857,,,,,
instruction,en,metadata,instruct,prefix_only,pre_commit_chars_shift-10,ratio,93,18256.1,19108.6,1.0860229905542684,0.9037752559059175,1.247855093407788,0.44086021505376344,,,,,
instruction,en,metadata,instruct,prefix_only,post_commit_chars_shift-10,ratio,98,28845.3,46629.850000000006,0.6584823808162579,0.5880703708661664,0.7306041193362012,0.826530612244898,,,,,
instruction,en,metadata,instruct,prefix_only,pre_commit_chars_shift-5,ratio,97,21757.8,20652.65,1.019722007113888,0.9361850463235522,1.1499031737648524,0.4742268041237113,,,,,
instruction,en,metadata,instruct,prefix_only,post_commit_chars_shift-5,ratio,98,26198.625,43802.4,0.6498998886941225,0.5861916752211085,0.7199195541949284,0.826530612244898,,,,,
instruction,en,metadata,instruct,prefix_only,pre_commit_chars_shift+5,ratio,98,27102.175000000003,26214.050000000003,0.9766911526391495,0.8532511745525592,1.050512299947925,0.5102040816326531,,,,,
instruction,en,metadata,instruct,prefix_only,post_commit_chars_shift+5,ratio,98,20750.374999999996,37522.625,0.6419004931943975,0.5314059477153471,0.7015270973888003,0.7857142857142857,,,,,
instruction,en,metadata,instruct,prefix_only,pre_commit_chars_shift+10,ratio,98,29482.1,29173.95,0.945078294536439,0.8175512814206305,1.0385558099389072,0.5510204081632653,,,,,
instruction,en,metadata,instruct,prefix_only,post_commit_chars_shift+10,ratio,98,17414.299999999996,33270.75,0.6315929495439114,0.49945500343485233,0.6994524874888494,0.7755102040816326,,,,,
instruction,en,metadata,instruct,prefix_only,commit_frac_regex,diff,98,0.5324608656059976,0.4050077308433312,,0.06046489598245816,0.2096273918194649,,0.14579107864203825,,,,
instruction,en,metadata,instruct,prefix_only,commit_last_frac,diff,98,0.9924247807595329,0.9985886642002092,,-0.007938532291192457,-0.0001625364015636066,,-0.003041097650090585,,,,
instruction,en,metadata,instruct,prefix_only,prose_compliance,diff,98,1.0,1.0,,0.0,0.0,,0.0,,,,
instruction,en,metadata,instruct,prefix_only,pre_switch_compliance,diff,98,1.0,1.0,,0.0,0.0,,0.0,,,,
instruction,en,metadata,instruct,prefix_only,pre_switch_nt_compliance,diff,98,1.0,1.0,,0.0,0.0,,0.0,,,,
instruction,en,metadata,instruct,prefix_only,pre_commit_compliance,diff,98,1.0,1.0,,0.0,0.0,,0.0,,,,
instruction,en,metadata,instruct,prefix_only,post_commit_compliance,diff,96,1.0,1.0,,0.0,0.0,,0.0,,,,
instruction,en,metadata,instruct,prefix_only,pre_commit_en_share,diff,98,0.9524063165810251,0.9466571834992887,,-0.0050238438505045835,0.006347313324057469,,-0.0022729858216886667,,,,
instruction,en,metadata,instruct,prefix_only,post_commit_en_share,diff,96,0.974747103932126,0.9720266040688577,,-0.003228278142140495,0.0032399690957123917,,0.0001194754889239924,,,,
instruction,en,metadata,instruct,prefix_only,has_switch,rate,98,0.0,0.0,,0.0,0.0,,0.0,0.0,0.0,,
instruction,en,metadata,instruct,prefix_only,has_switch_prose,rate,98,0.0,0.0,,0.0,0.0,,0.0,0.0,0.0,,
instruction,en,metadata,instruct,prefix_only,has_switch_nt,rate,98,0.0,0.0,,0.0,0.0,,0.0,0.0,0.0,,
instruction,en,metadata,instruct,prefix_only,has_commit,rate,98,1.0,1.0,,0.0,0.02380952380952381,,0.01020408163265306,1.0,0.9897959183673469,,
instruction,en,metadata,instruct,prefix_only,switch_after_commit,rate,0,,,,,,,,,,,
instruction,en,metadata,instruct,prefix_only,switch_nt_after_commit,rate,0,,,,,,,,,,,
instruction,en,metadata,instruct,prefix_only,has_tail_en,rate,0,,,,,,,,,,,
instruction,en,metadata,instruct,prefix_only,has_tail_en_5,rate,0,,,,,,,,,,,
instruction,en,none,instruct,prefix_only,chars,ratio,98,51874.0,63183.5,0.8852162212027704,0.7717225245870333,0.9322006250214636,0.6530612244897959,,,,,
instruction,en,none,instruct,prefix_only,tokens,ratio,98,17710.0,21980.5,0.8534495326674119,0.7977506016403909,0.9296875,0.6836734693877551,,,,,
instruction,en,none,instruct,prefix_only,n_sent,ratio,98,948.0,1166.0,0.8381627700457795,0.7707255707369952,0.9251334679187945,0.673469387755102,,,,,
instruction,en,none,instruct,prefix_only,pre_commit_chars_regex,ratio,94,29700.0,34728.0,0.8928867828932103,0.8055956730655152,0.9473662233542811,0.6276595744680851,,,,,
instruction,en,none,instruct,prefix_only,post_commit_chars_regex,ratio,94,13596.5,17118.5,0.7260640933659288,0.5797186757232047,0.9073816155988857,0.648936170212766,,,,,
instruction,en,none,instruct,prefix_only,pre_commit_chars_last,ratio,94,43414.5,54565.5,0.820666799521991,0.7808325021423654,0.9358843771507226,0.6595744680851063,,,,,
instruction,en,none,instruct,prefix_only,post_commit_chars_last,ratio,94,33.0,33.5,1.0370370370370372,0.9259259259259259,1.5,0.4787234042553192,,,,,
instruction,en,none,instruct,prefix_only,recheck_span_chars,ratio,86,12098.5,17724.5,0.6567709126266836,0.5055232944184624,0.7780605704000295,0.6627906976744186,,,,,
instruction,en,none,instruct,prefix_only,pre_commit_sent,ratio,94,574.5,685.5,0.8495844906840555,0.740701381509033,0.9722838137472284,0.6382978723404256,,,,,
instruction,en,none,instruct,prefix_only,post_commit_sent,ratio,94,329.5,393.0,0.7205611304525906,0.5903225806451613,0.9315916335186112,0.6170212765957447,,,,,
instruction,en,none,instruct,prefix_only,recheck_span_sent,ratio,86,286.5,394.5,0.6569399065500064,0.4600735166060822,0.8626269121613188,0.6627906976744186,,,,,
instruction,en,none,instruct,prefix_only,pre_commit_tokens_est,ratio,94,10850.983202395913,13768.658178773003,0.8996789642611962,0.8013510255684547,0.9593462963606533,0.6276595744680851,,,,,
instruction,en,none,instruct,prefix_only,post_commit_tokens_est,ratio,94,5735.270218907558,7367.085460369559,0.7184449778283295,0.5974121188941847,0.8904438641753445,0.6808510638297872,,,,,
instruction,en,none,instruct,prefix_only,pre_commit_chars_shift-10,ratio,94,25232.95,29258.05,0.9021139953306172,0.7648418409231711,0.9747728087032995,0.6170212765957447,,,,,
instruction,en,none,instruct,prefix_only,post_commit_chars_shift-10,ratio,94,19489.35,23208.95,0.7384370777385745,0.6556504144686248,0.9103189121093415,0.648936170212766,,,,,
instruction,en,none,instruct,prefix_only,pre_commit_chars_shift-5,ratio,94,27466.475,32151.35,0.875778701738367,0.8045202436598029,0.965808524670624,0.6063829787234043,,,,,
instruction,en,none,instruct,prefix_only,post_commit_chars_shift-5,ratio,94,16231.575,20677.75,0.7338203017968943,0.6057177448306942,0.9140988078924878,0.6382978723404256,,,,,
instruction,en,none,instruct,prefix_only,pre_commit_chars_shift+5,ratio,94,32710.775,37136.375,0.8959281545401745,0.8068178441817525,0.9698578350001497,0.6276595744680851,,,,,
instruction,en,none,instruct,prefix_only,post_commit_chars_shift+5,ratio,90,11492.149999999998,15254.925,0.6776627117674783,0.5155692885142478,0.770857856625431,0.6777777777777778,,,,,
instruction,en,none,instruct,prefix_only,pre_commit_chars_shift+10,ratio,94,34915.05,39300.5,0.898396105487967,0.7911622241088646,0.9591444799753599,0.648936170212766,,,,,
instruction,en,none,instruct,prefix_only,post_commit_chars_shift+10,ratio,86,9885.300000000001,13465.199999999999,0.6291201376906125,0.4579280678982506,0.7385753366407917,0.6744186046511628,,,,,
instruction,en,none,instruct,prefix_only,commit_frac_regex,diff,94,0.6933998635705803,0.6484154410179581,,-0.033279959663295555,0.09271631065547936,,0.028317817968998626,,,,
instruction,en,none,instruct,prefix_only,commit_last_frac,diff,94,0.9992714316963978,0.9991789087442484,,-0.0032374532996806704,-1.4801738811631715e-05,,-0.0002306784934650863,,,,
instruction,en,none,instruct,prefix_only,prose_compliance,diff,98,1.0,1.0,,0.0,0.0,,0.0,,,,
instruction,en,none,instruct,prefix_only,pre_switch_compliance,diff,98,1.0,1.0,,0.0,0.0,,0.0,,,,
instruction,en,none,instruct,prefix_only,pre_switch_nt_compliance,diff,98,1.0,1.0,,0.0,0.0,,0.0,,,,
instruction,en,none,instruct,prefix_only,pre_commit_compliance,diff,94,1.0,1.0,,0.0,0.0,,0.0,,,,
instruction,en,none,instruct,prefix_only,post_commit_compliance,diff,90,1.0,1.0,,0.0,0.0,,0.0,,,,
instruction,en,none,instruct,prefix_only,pre_commit_en_share,diff,94,0.9378858024691358,0.9544005544005545,,-0.01612082131342263,-0.00022482014388491844,,-0.0082197419189185,,,,
instruction,en,none,instruct,prefix_only,post_commit_en_share,diff,90,0.9617889221556886,0.9658813747228381,,-0.0037357775458178866,0.0038523422436835264,,-0.0001505570611261553,,,,
instruction,en,none,instruct,prefix_only,has_switch,rate,98,0.0,0.0,,0.0,0.0,,0.0,0.0,0.0,,
instruction,en,none,instruct,prefix_only,has_switch_prose,rate,98,0.0,0.0,,0.0,0.0,,0.0,0.0,0.0,,
instruction,en,none,instruct,prefix_only,has_switch_nt,rate,98,0.0,0.0,,0.0,0.0,,0.0,0.0,0.0,,
instruction,en,none,instruct,prefix_only,has_commit,rate,98,1.0,1.0,,-0.04761904761904762,0.023809523809523815,,-0.010204081632653059,0.9591836734693877,0.9693877551020408,,
instruction,en,none,instruct,prefix_only,switch_after_commit,rate,0,,,,,,,,,,,
instruction,en,none,instruct,prefix_only,switch_nt_after_commit,rate,0,,,,,,,,,,,
instruction,en,none,instruct,prefix_only,has_tail_en,rate,0,,,,,,,,,,,
instruction,en,none,instruct,prefix_only,has_tail_en_5,rate,0,,,,,,,,,,,
instruction,tr,metadata,instruct,prefix_only,chars,ratio,99,26272.0,29795.0,0.8620376755834634,0.7652262001828379,0.9087144566117604,0.7676767676767676,,,,,
instruction,tr,metadata,instruct,prefix_only,tokens,ratio,99,11209.0,12202.0,0.8383051958695296,0.7723599632690542,0.904268360637468,0.7272727272727273,,,,,
instruction,tr,metadata,instruct,prefix_only,n_sent,ratio,99,500.0,530.0,0.8456632653061225,0.7311475409836066,0.9359605911330049,0.7070707070707071,,,,,
instruction,tr,metadata,instruct,prefix_only,pre_commit_chars_regex,ratio,98,11155.5,11328.0,0.9394163908134352,0.8371917937135328,1.0269970390072953,0.5714285714285714,,,,,
instruction,tr,metadata,instruct,prefix_only,post_commit_chars_regex,ratio,98,11872.0,14648.5,0.7959493369945501,0.611235475962051,0.9451420130262539,0.6122448979591837,,,,,
instruction,tr,metadata,instruct,prefix_only,pre_commit_chars_last,ratio,98,24302.5,27861.5,0.8517043800824992,0.7667388025444292,0.9040252368472415,0.7551020408163265,,,,,
instruction,tr,metadata,instruct,prefix_only,post_commit_chars_last,ratio,98,42.0,38.5,0.8856209150326797,0.5,1.5791666666666666,0.5204081632653061,,,,,
instruction,tr,metadata,instruct,prefix_only,recheck_span_chars,ratio,98,11307.5,13532.0,0.8170182316058476,0.5844018038730215,0.9148847830599959,0.6122448979591837,,,,,
instruction,tr,metadata,instruct,prefix_only,pre_commit_sent,ratio,98,203.5,206.0,0.8926178066163174,0.7837695564999961,0.9948077260736258,0.6020408163265306,,,,,
instruction,tr,metadata,instruct,prefix_only,post_commit_sent,ratio,98,243.5,277.25,0.8195617375945246,0.6547657352636956,1.0315789473684212,0.5816326530612245,,,,,
instruction,tr,metadata,instruct,prefix_only,recheck_span_sent,ratio,98,236.5,259.0,0.8148253632252478,0.5623268698060941,0.994413407821229,0.6020408163265306,,,,,
instruction,tr,metadata,instruct,prefix_only,pre_commit_tokens_est,ratio,98,5248.383217226035,5184.403504299777,0.932358676553896,0.841010831266026,1.0764189946714433,0.5408163265306123,,,,,
instruction,tr,metadata,instruct,prefix_only,post_commit_tokens_est,ratio,98,5315.549435067114,6092.477489206018,0.7954068246585669,0.6129795433050036,1.0412906613231936,0.5816326530612245,,,,,
instruction,tr,metadata,instruct,prefix_only,pre_commit_chars_shift-10,ratio,98,8726.8,8597.55,0.958210098762786,0.8042715219801435,1.1012925285544535,0.5306122448979592,,,,,
instruction,tr,metadata,instruct,prefix_only,post_commit_chars_shift-10,ratio,98,14145.2,17446.4,0.7855036875611179,0.6821356177693996,0.964089821359915,0.6428571428571429,,,,,
instruction,tr,metadata,instruct,prefix_only,pre_commit_chars_shift-5,ratio,98,9904.05,10142.325,0.9241788291413726,0.8354643545343831,1.0683940913980212,0.5306122448979592,,,,,
instruction,tr,metadata,instruct,prefix_only,post_commit_chars_shift-5,ratio,98,12843.849999999999,16149.925,0.7930111567807108,0.6718603110425608,0.9487047124224749,0.6122448979591837,,,,,
instruction,tr,metadata,instruct,prefix_only,pre_commit_chars_shift+5,ratio,98,12260.825,12588.925,0.9090539966984255,0.8315509194914634,0.9869934857016673,0.6020408163265306,,,,,
instruction,tr,metadata,instruct,prefix_only,post_commit_chars_shift+5,ratio,98,10800.45,13261.125,0.7883738293524492,0.5693555696546724,0.9575162669641197,0.6122448979591837,,,,,
instruction,tr,metadata,instruct,prefix_only,pre_commit_chars_shift+10,ratio,98,13529.45,14235.55,0.9071076549715386,0.8020739703746764,0.986259939738565,0.6326530612244898,,,,,
instruction,tr,metadata,instruct,prefix_only,post_commit_chars_shift+10,ratio,97,9943.4,12002.0,0.7704857013882839,0.5033448327583622,0.9960529806730749,0.6082474226804123,,,,,
instruction,tr,metadata,instruct,prefix_only,commit_frac_regex,diff,98,0.5010561386139287,0.468958097182158,,-0.023145487977346318,0.10378846105688566,,0.02133987790090336,,,,
instruction,tr,metadata,instruct,prefix_only,commit_last_frac,diff,98,0.9978843253288834,0.9983079365128371,,-0.0006930727498520861,0.0004128685127835485,,-3.315355508104467e-05,,,,
instruction,tr,metadata,instruct,prefix_only,prose_compliance,diff,99,0.9693877551020408,0.9532163742690059,,0.007087145817326723,0.015496384752109571,,0.01023391812865504,,,,
instruction,tr,metadata,instruct,prefix_only,pre_switch_compliance,diff,99,0.9693877551020408,0.9532163742690059,,0.0070914295628036195,0.015531914893616938,,0.010504201680672232,,,,
instruction,tr,metadata,instruct,prefix_only,pre_switch_nt_compliance,diff,99,0.9695652173913043,0.968421052631579,,-0.00012798946829517543,0.008051208346641081,,0.004794375580892463,,,,
instruction,tr,metadata,instruct,prefix_only,pre_commit_compliance,diff,98,0.9821428571428571,0.9790829694323144,,0.0,0.00808238636363634,,0.002620315778735005,,,,
instruction,tr,metadata,instruct,prefix_only,post_commit_compliance,diff,97,0.970873786407767,0.9537037037037037,,0.00536672629695889,0.02409638554216864,,0.013483764446890478,,,,
instruction,tr,metadata,instruct,prefix_only,pre_commit_en_share,diff,98,0.017857142857142856,0.02091703056768559,,-0.008082386363636365,0.0,,-0.0026203157787349435,,,,
instruction,tr,metadata,instruct,prefix_only,post_commit_en_share,diff,97,0.02912621359223301,0.046296296296296294,,-0.024096385542168676,-0.0053667262969588556,,-0.013483764446890478,,,,
instruction,tr,metadata,instruct,prefix_only,has_switch,rate,99,0.0,0.0,,-0.0202020202020202,0.05387205387205388,,0.01346801346801347,0.030303030303030304,0.016835016835016835,,
instruction,tr,metadata,instruct,prefix_only,has_switch_prose,rate,99,0.0,0.0,,-0.13636363636363633,-0.03703703703703703,,-0.08754208754208753,0.030303030303030304,0.11784511784511784,,
instruction,tr,metadata,instruct,prefix_only,has_switch_nt,rate,99,0.0,0.3333333333333333,,-0.24579124579124578,-0.10269360269360268,,-0.17676767676767677,0.0707070707070707,0.2474747474747475,,
instruction,tr,metadata,instruct,prefix_only,has_commit,rate,99,1.0,1.0,,-0.021885521885521883,0.030303030303030307,,0.006734006734006735,0.98989898989899,0.9831649831649832,,
instruction,tr,metadata,instruct,prefix_only,switch_after_commit,rate,0,,,,,,,,,,,
instruction,tr,metadata,instruct,prefix_only,switch_nt_after_commit,rate,5,1.0,1.0,,0.0,0.0,,0.0,1.0,1.0,,
instruction,tr,metadata,instruct,prefix_only,has_tail_en,rate,99,0.0,0.3333333333333333,,-0.23737373737373735,-0.08080808080808079,,-0.16161616161616157,0.13131313131313133,0.2929292929292929,,
instruction,tr,metadata,instruct,prefix_only,has_tail_en_5,rate,99,0.0,0.3333333333333333,,-0.1970117845117845,-0.05723905723905722,,-0.1313131313131313,0.09090909090909091,0.2222222222222222,,
instruction,tr,none,instruct,prefix_only,chars,ratio,99,16500.0,23350.0,0.6765558161998069,0.61473052394648,0.7547974413646056,0.8484848484848485,,,,,
instruction,tr,none,instruct,prefix_only,tokens,ratio,99,7712.0,10804.0,0.7136606708799222,0.6523992643370674,0.7857772294677476,0.8282828282828283,,,,,
instruction,tr,none,instruct,prefix_only,n_sent,ratio,99,304.0,437.0,0.7241379310344828,0.6292974588938715,0.7618343195266272,0.8080808080808081,,,,,
instruction,tr,none,instruct,prefix_only,pre_commit_chars_regex,ratio,98,10394.0,13728.0,0.8651093366139923,0.7296933433059087,0.9693675889328063,0.6122448979591837,,,,,
instruction,tr,none,instruct,prefix_only,post_commit_chars_regex,ratio,98,3387.0,7747.5,0.47001770191600256,0.3370033508855912,0.6859171883244937,0.7551020408163265,,,,,
instruction,tr,none,instruct,prefix_only,pre_commit_chars_last,ratio,98,15862.0,22514.0,0.690796081307822,0.5887668566662032,0.7699401331201428,0.8163265306122449,,,,,
instruction,tr,none,instruct,prefix_only,post_commit_chars_last,ratio,98,18.0,13.25,1.1266968325791855,1.0,2.311111111111111,0.3673469387755102,,,,,
instruction,tr,none,instruct,prefix_only,recheck_span_chars,ratio,98,3113.5,6929.5,0.4301856355766866,0.3203581089063098,0.6683893195521102,0.7551020408163265,,,,,
instruction,tr,none,instruct,prefix_only,pre_commit_sent,ratio,98,190.5,215.5,0.8234289775353609,0.7456140350877193,0.9387755102040817,0.6224489795918368,,,,,
instruction,tr,none,instruct,prefix_only,post_commit_sent,ratio,98,74.0,162.0,0.4171030555696782,0.3038880798862606,0.6356897819161971,0.7448979591836735,,,,,
instruction,tr,none,instruct,prefix_only,recheck_span_sent,ratio,98,65.5,151.0,0.42109072232338796,0.2676068602659271,0.6343283582089553,0.7448979591836735,,,,,
instruction,tr,none,instruct,prefix_only,pre_commit_tokens_est,ratio,98,4983.349580044165,6050.368744475045,0.85418004746811,0.7737079222666037,0.9700749132524653,0.6224489795918368,,,,,
instruction,tr,none,instruct,prefix_only,post_commit_tokens_est,ratio,98,1788.7632687653775,3564.2371471079346,0.5157731833330537,0.35409706557241555,0.7111237203763854,0.7346938775510204,,,,,
instruction,tr,none,instruct,prefix_only,pre_commit_chars_shift-10,ratio,98,8894.099999999999,11419.849999999999,0.8899737995865216,0.7327067669172932,0.9636192351747535,0.6224489795918368,,,,,
instruction,tr,none,instruct,prefix_only,post_commit_chars_shift-10,ratio,98,5039.6,9890.25,0.5121774352228873,0.4189383595045353,0.6921103633764457,0.7857142857142857,,,,,
instruction,tr,none,instruct,prefix_only,pre_commit_chars_shift-5,ratio,98,9644.05,12827.575,0.8854352910518899,0.7329884641420916,0.9758360092115079,0.6224489795918368,,,,,
instruction,tr,none,instruct,prefix_only,post_commit_chars_shift-5,ratio,98,4212.175,8656.075,0.48313895568396203,0.3835916329923022,0.7012720944580766,0.7857142857142857,,,,,
instruction,tr,none,instruct,prefix_only,pre_commit_chars_shift+5,ratio,98,11118.150000000001,14526.775,0.8595408573691805,0.7107062865801221,0.9643669252678754,0.6632653061224489,,,,,
instruction,tr,none,instruct,prefix_only,post_commit_chars_shift+5,ratio,98,2902.9749999999995,6219.125000000001,0.46482804178179216,0.26421385744933834,0.688507828630466,0.7448979591836735,,,,,
instruction,tr,none,instruct,prefix_only,pre_commit_chars_shift+10,ratio,98,11772.3,15261.3,0.814089157137376,0.7073453441114972,0.9393548179357301,0.673469387755102,,,,,
instruction,tr,none,instruct,prefix_only,post_commit_chars_shift+10,ratio,92,2113.0499999999993,5361.85,0.4160919973752397,0.1903214592725962,0.6251267370430006,0.7717391304347826,,,,,
instruction,tr,none,instruct,prefix_only,commit_frac_regex,diff,98,0.7551472205164329,0.648774122247358,,0.005077930187089741,0.137451150851981,,0.060688357674661186,,,,
instruction,tr,none,instruct,prefix_only,commit_last_frac,diff,98,0.9988580606547273,0.9992944490030248,,-0.0011923598244270028,-0.00027329932460656847,,-0.00045318392271159746,,,,
instruction,tr,none,instruct,prefix_only,prose_compliance,diff,99,0.9873417721518988,0.9637096774193549,,0.007855153203342624,0.01898734177215189,,0.01202587384979803,,,,
instruction,tr,none,instruct,prefix_only,pre_switch_compliance,diff,99,0.9873417721518988,0.9637096774193549,,0.007855153203342624,0.01898734177215189,,0.01202587384979803,,,,
instruction,tr,none,instruct,prefix_only,pre_switch_nt_compliance,diff,99,0.9883720930232558,0.9801980198019802,,0.0023789862765916103,0.01041666666666663,,0.007462686567164201,,,,
instruction,tr,none,instruct,prefix_only,pre_commit_compliance,diff,98,0.9968747253176549,0.9857805566760791,,0.0,0.007468384580169685,,0.0009082302190519531,,,,
instruction,tr,none,instruct,prefix_only,post_commit_compliance,diff,92,1.0,0.9585481099656358,,0.0,0.029142055675864864,,0.013168510834485891,,,,
instruction,tr,none,instruct,prefix_only,pre_commit_en_share,diff,98,0.0031252746823451283,0.014219443323920937,,-0.007468384580169717,0.0,,-0.0009082302190519882,,,,
instruction,tr,none,instruct,prefix_only,post_commit_en_share,diff,92,0.0,0.04145189003436426,,-0.029142055675864805,0.0,,-0.013168510834485937,,,,
instruction,tr,none,instruct,prefix_only,has_switch,rate,99,0.0,0.0,,-0.03198653198653198,-0.003367003367003367,,-0.015151515151515152,0.0,0.015151515151515152,,
instruction,tr,none,instruct,prefix_only,has_switch_prose,rate,99,0.0,0.0,,-0.1127946127946128,-0.04882154882154882,,-0.07912457912457913,0.0,0.07912457912457913,,
instruction,tr,none,instruct,prefix_only,has_switch_nt,rate,99,0.0,0.3333333333333333,,-0.2794612794612794,-0.17003367003367,,-0.2255892255892256,0.010101010101010102,0.23569023569023567,,
instruction,tr,none,instruct,prefix_only,has_commit,rate,99,1.0,1.0,,-0.026936026936026935,0.020202020202020204,,1.1214373986112693e-18,0.98989898989899,0.98989898989899,,
instruction,tr,none,instruct,prefix_only,switch_after_commit,rate,0,,,,,,,,,,,
instruction,tr,none,instruct,prefix_only,switch_nt_after_commit,rate,0,,,,,,,,,,,
instruction,tr,none,instruct,prefix_only,has_tail_en,rate,99,0.0,0.3333333333333333,,-0.2811447811447811,-0.14309764309764308,,-0.2138047138047138,0.06060606060606061,0.27441077441077444,,
instruction,tr,none,instruct,prefix_only,has_tail_en_5,rate,99,0.0,0.0,,-0.20875420875420878,-0.1111111111111111,,-0.15993265993265993,0.010101010101010102,0.17003367003367,,
instruction,zh,metadata,instruct,prefix_only,chars,ratio,100,25546.0,33258.5,0.7833376582071769,0.67290189393776,0.8499841507233383,0.8,,,,,
instruction,zh,metadata,instruct,prefix_only,tokens,ratio,100,13481.5,17971.5,0.7790981028704689,0.7175371588714154,0.852603706972639,0.75,,,,,
instruction,zh,metadata,instruct,prefix_only,n_sent,ratio,100,640.0,824.5,0.757222384244566,0.6824088975466276,0.8292682926829268,0.74,,,,,
instruction,zh,metadata,instruct,prefix_only,pre_commit_chars_regex,ratio,100,8443.5,7556.0,0.9821886216852592,0.7959214396116626,1.0956606692176178,0.5,,,,,
instruction,zh,metadata,instruct,prefix_only,post_commit_chars_regex,ratio,100,12155.0,19247.0,0.6709770801748709,0.4842388751270357,0.7740127281156488,0.76,,,,,
instruction,zh,metadata,instruct,prefix_only,pre_commit_chars_last,ratio,100,21389.5,29621.0,0.7293254690056316,0.6492233977340892,0.8062594945531102,0.78,,,,,
instruction,zh,metadata,instruct,prefix_only,post_commit_chars_last,ratio,100,62.0,47.0,0.9206760256235518,0.5010729613733905,1.824869109947644,0.51,,,,,
instruction,zh,metadata,instruct,prefix_only,recheck_span_chars,ratio,99,11542.0,18339.0,0.6660021956433813,0.49948051948051947,0.7808841651263093,0.7575757575757576,,,,,
instruction,zh,metadata,instruct,prefix_only,pre_commit_sent,ratio,100,251.5,214.0,0.9634365634365634,0.8205841446453408,1.0753458498023716,0.51,,,,,
instruction,zh,metadata,instruct,prefix_only,post_commit_sent,ratio,100,344.0,552.5,0.6526989801898957,0.5185132005681622,0.774760448563227,0.7,,,,,
instruction,zh,metadata,instruct,prefix_only,recheck_span_sent,ratio,99,329.0,532.0,0.6389986824769434,0.512014787430684,0.7595870206489675,0.6868686868686869,,,,,
instruction,zh,metadata,instruct,prefix_only,pre_commit_tokens_est,ratio,100,5610.109964815617,4460.229696975857,1.0032346861260029,0.8579913888255677,1.1426203024759647,0.49,,,,,
instruction,zh,metadata,instruct,prefix_only,post_commit_tokens_est,ratio,100,7412.593431639649,11362.12820083428,0.6729465357778974,0.5387782178071441,0.7926842926161166,0.74,,,,,
instruction,zh,metadata,instruct,prefix_only,pre_commit_chars_shift-10,ratio,92,6946.299999999999,5126.95,1.0651212371383723,0.7870595409279099,1.31218179339612,0.45652173913043476,,,,,
instruction,zh,metadata,instruct,prefix_only,post_commit_chars_shift-10,ratio,100,14487.199999999999,22663.550000000003,0.6912278804255444,0.5083722553729036,0.7781887890430109,0.76,,,,,
instruction,zh,metadata,instruct,prefix_only,pre_commit_chars_shift-5,ratio,98,7731.700000000001,6388.75,0.9976065439295553,0.8502318447170183,1.1596928212935058,0.5,,,,,
instruction,zh,metadata,instruct,prefix_only,post_commit_chars_shift-5,ratio,100,13118.875,20631.15,0.6683886738854217,0.49808893107828645,0.7756445910362076,0.76,,,,,
instruction,zh,metadata,instruct,prefix_only,pre_commit_chars_shift+5,ratio,100,9144.175,9169.25,0.8764488441937711,0.7702898229106565,1.0484521126841324,0.57,,,,,
instruction,zh,metadata,instruct,prefix_only,post_commit_chars_shift+5,ratio,97,11311.1,18195.05,0.5840793441387109,0.44365179975377567,0.7538457941319827,0.7835051546391752,,,,,
instruction,zh,metadata,instruct,prefix_only,pre_commit_chars_shift+10,ratio,100,10701.35,10554.05,0.881451585168038,0.7710377467390049,0.9886482254697287,0.6,,,,,
instruction,zh,metadata,instruct,prefix_only,post_commit_chars_shift+10,ratio,96,10323.75,16945.449999999997,0.614044314489796,0.4387310143984633,0.7514071493808543,0.7708333333333334,,,,,
instruction,zh,metadata,instruct,prefix_only,commit_frac_regex,diff,100,0.4454720088092442,0.2972432349831096,,0.03958414595751029,0.1577161702216701,,0.07938315844085825,,,,
instruction,zh,metadata,instruct,prefix_only,commit_last_frac,diff,100,0.9968815019868017,0.997890178739052,,-0.0018810952638902423,0.00019740729519025522,,-0.0003121233134477097,,,,
instruction,zh,metadata,instruct,prefix_only,prose_compliance,diff,100,0.9151370070800166,0.8588556773015361,,-0.0009627980249607981,0.06602205601599165,,0.023742742959449115,,,,
instruction,zh,metadata,instruct,prefix_only,pre_switch_compliance,diff,100,0.9193091474001645,0.864693204616332,,-0.0016186957343430342,0.06602205601599165,,0.018532121164497928,,,,
instruction,zh,metadata,instruct,prefix_only,pre_switch_nt_compliance,diff,100,0.9416959064327486,0.9463189839271664,,-0.00688870125018598,0.009775434710165176,,-0.00011756125293149733,,,,
instruction,zh,metadata,instruct,prefix_only,pre_commit_compliance,diff,100,0.9703131110774117,0.9663120567375887,,-0.0006703313701280078,0.005709384954667884,,0.0,,,,
instruction,zh,metadata,instruct,prefix_only,post_commit_compliance,diff,100,0.8871141931450008,0.8073838293593502,,-0.011350370519251418,0.0769000703584537,,0.019829252648414453,,,,
instruction,zh,metadata,instruct,prefix_only,pre_commit_en_share,diff,100,0.029686888922588216,0.03368794326241135,,-0.005333333333333333,0.0007451155540999024,,0.0,,,,
instruction,zh,metadata,instruct,prefix_only,post_commit_en_share,diff,100,0.11288580685499915,0.19188410621898067,,-0.07511224559236941,0.011350370519251451,,-0.01961374539328907,,,,
instruction,zh,metadata,instruct,prefix_only,has_switch,rate,100,0.0,0.0,,-0.06333333333333332,0.016666666666666666,,-0.026666666666666665,0.03,0.056666666666666664,,
instruction,zh,metadata,instruct,prefix_only,has_switch_prose,rate,100,0.0,0.3333333333333333,,-0.19499999999999992,-0.01666666666666664,,-0.10499999999999998,0.18,0.285,,
instruction,zh,metadata,instruct,prefix_only,has_switch_nt,rate,100,0.0,0.6666666666666666,,-0.37499999999999994,-0.16333333333333327,,-0.27,0.37,0.6399999999999999,,
instruction,zh,metadata,instruct,prefix_only,has_commit,rate,100,1.0,1.0,,0.0033333333333333335,0.03333333333333333,,0.016666666666666666,1.0,0.9833333333333333,,
instruction,zh,metadata,instruct,prefix_only,switch_after_commit,rate,1,1.0,1.0,,,,,,1.0,1.0,,
instruction,zh,metadata,instruct,prefix_only,switch_nt_after_commit,rate,35,1.0,1.0,,-0.19523809523809524,0.05238095238095238,,-0.06666666666666665,0.8285714285714286,0.8952380952380952,,
instruction,zh,metadata,instruct,prefix_only,has_tail_en,rate,100,1.0,0.6666666666666666,,-0.26666666666666666,-0.038291666666666474,,-0.1533333333333333,0.51,0.6633333333333334,,
instruction,zh,metadata,instruct,prefix_only,has_tail_en_5,rate,100,0.0,0.6666666666666666,,-0.278375,-0.05999999999999996,,-0.1716666666666667,0.36,0.5316666666666666,,
instruction,zh,none,instruct,prefix_only,chars,ratio,98,16270.5,23225.0,0.6821998878339083,0.6355297355144474,0.7647305756029926,0.8061224489795918,,,,,
instruction,zh,none,instruct,prefix_only,tokens,ratio,98,9317.5,13475.0,0.7497915960558386,0.7170804285549914,0.8018692180228372,0.8163265306122449,,,,,
instruction,zh,none,instruct,prefix_only,n_sent,ratio,98,411.0,609.5,0.6996959165942658,0.6481731758956292,0.752,0.8163265306122449,,,,,
instruction,zh,none,instruct,prefix_only,pre_commit_chars_regex,ratio,94,8186.5,9858.5,0.8456181253787104,0.7427177500358731,0.9578155607926864,0.6276595744680851,,,,,
instruction,zh,none,instruct,prefix_only,post_commit_chars_regex,ratio,94,3770.5,8042.0,0.5418725845597303,0.31060395212914,0.7600210178651854,0.6595744680851063,,,,,
instruction,zh,none,instruct,prefix_only,pre_commit_chars_last,ratio,94,13573.5,19170.5,0.6988537566310605,0.5704202480726545,0.8283608074095444,0.776595744680851,,,,,
instruction,zh,none,instruct,prefix_only,post_commit_chars_last,ratio,94,31.5,18.5,1.2361111111111112,1.0,2.0190012453300126,0.39361702127659576,,,,,
instruction,zh,none,instruct,prefix_only,recheck_span_chars,ratio,94,3139.0,6865.0,0.6185987793766008,0.25452922802320394,0.9980045059542968,0.6063829787234043,,,,,
instruction,zh,none,instruct,prefix_only,pre_commit_sent,ratio,94,249.5,281.0,0.8129735969689793,0.706443429731101,0.9074404761904762,0.6702127659574468,,,,,
instruction,zh,none,instruct,prefix_only,post_commit_sent,ratio,94,109.0,197.5,0.5222762465977856,0.40318302387267907,0.9174011299435028,0.648936170212766,,,,,
instruction,zh,none,instruct,prefix_only,recheck_span_sent,ratio,94,98.5,176.5,0.5353759398496241,0.34572490706319703,0.8836633663366337,0.6170212765957447,,,,,
instruction,zh,none,instruct,prefix_only,pre_commit_tokens_est,ratio,94,5522.2659878457125,6803.209648485856,0.8782825719219014,0.7904202756395804,0.9904106065861062,0.6170212765957447,,,,,
instruction,zh,none,instruct,prefix_only,post_commit_tokens_est,ratio,94,2548.3632945244644,4399.210488024617,0.5208232135147883,0.40253211584716775,0.8161591829369002,0.648936170212766,,,,,
instruction,zh,none,instruct,prefix_only,pre_commit_chars_shift-10,ratio,94,7050.35,8086.4,0.889552653410207,0.7187062194038334,0.9757884222042524,0.6170212765957447,,,,,
instruction,zh,none,instruct,prefix_only,post_commit_chars_shift-10,ratio,94,4846.5,10903.150000000001,0.5708073673044008,0.3779063293068181,0.730995273794871,0.6914893617021277,,,,,
instruction,zh,none,instruct,prefix_only,pre_commit_chars_shift-5,ratio,94,7635.5,9117.825,0.8370016449605762,0.7530774172461164,0.9760754586476854,0.648936170212766,,,,,
instruction,zh,none,instruct,prefix_only,post_commit_chars_shift-5,ratio,94,4365.75,9209.875,0.5613637206330422,0.33263021402714155,0.7190903239891465,0.6702127659574468,,,,,
instruction,zh,none,instruct,prefix_only,pre_commit_chars_shift+5,ratio,94,9106.525000000001,10985.775000000001,0.8303760765493242,0.7296115977702164,0.9514059647745566,0.6382978723404256,,,,,
instruction,zh,none,instruct,prefix_only,post_commit_chars_shift+5,ratio,92,3299.1,7048.675,0.4734932553756919,0.2794581029830754,0.7847316910098295,0.6413043478260869,,,,,
instruction,zh,none,instruct,prefix_only,pre_commit_chars_shift+10,ratio,94,9815.3,11883.8,0.8229355866152709,0.7286330010470732,0.9196750605698498,0.6702127659574468,,,,,
instruction,zh,none,instruct,prefix_only,post_commit_chars_shift+10,ratio,87,2726.1,6159.200000000001,0.3306596003724127,0.20203206170960802,0.7787210835626026,0.6551724137931034,,,,,
instruction,zh,none,instruct,prefix_only,commit_frac_regex,diff,94,0.7269617423513031,0.622837490685187,,-0.04420167403082451,0.14919163327679275,,0.0745660690336865,,,,
instruction,zh,none,instruct,prefix_only,commit_last_frac,diff,94,0.997508997902532,0.9987812100008033,,-0.008167959968868155,-0.0002477318040083887,,-0.0011108534617149668,,,,
instruction,zh,none,instruct,prefix_only,prose_compliance,diff,98,0.9148296976655186,0.854567284132118,,0.01362799263351755,0.07913669064748197,,0.030371224058363455,,,,
instruction,zh,none,instruct,prefix_only,pre_switch_compliance,diff,98,0.9148296976655186,0.854567284132118,,0.008951294427380407,0.07789303957321647,,0.02711544790460685,,,,
instruction,zh,none,instruct,prefix_only,pre_switch_nt_compliance,diff,98,0.9484377222511973,0.9452762923351159,,-0.003424251585872904,0.012269272529858877,,0.004952045299319807,,,,
instruction,zh,none,instruct,prefix_only,pre_commit_compliance,diff,94,0.9737274220032841,0.9561509702688268,,0.0,0.014581909318751363,,0.004138460920013631,,,,
instruction,zh,none,instruct,prefix_only,post_commit_compliance,diff,94,0.8179309257214951,0.5840336134453781,,0.010999278825719938,0.15132218024824606,,0.05491352447874187,,,,
instruction,zh,none,instruct,prefix_only,pre_commit_en_share,diff,94,0.024025974025974027,0.043849029731173224,,-0.014581909318751425,0.0,,-0.004138460920013618,,,,
instruction,zh,none,instruct,prefix_only,post_commit_en_share,diff,94,0.18206907427850497,0.4159663865546218,,-0.15132218024824606,-0.01099927882571989,,-0.05491352447874187,,,,
instruction,zh,none,instruct,prefix_only,has_switch,rate,98,0.0,0.0,,-0.06122448979591836,2.2657612747452172e-18,,-0.03061224489795918,0.01020408163265306,0.04081632653061224,,
instruction,zh,none,instruct,prefix_only,has_switch_prose,rate,98,0.0,0.0,,-0.2040816326530612,-0.06122448979591835,,-0.1326530612244898,0.09183673469387756,0.22448979591836735,,
instruction,zh,none,instruct,prefix_only,has_switch_nt,rate,98,0.0,0.6666666666666666,,-0.2959183673469387,-0.0714285714285714,,-0.1819727891156462,0.3979591836734694,0.5799319727891157,,
instruction,zh,none,instruct,prefix_only,has_commit,rate,98,1.0,1.0,,-0.06802721088435373,0.02040816326530612,,-0.020408163265306117,0.9591836734693877,0.9795918367346939,,
instruction,zh,none,instruct,prefix_only,switch_after_commit,rate,0,,,,,,,,,,,
instruction,zh,none,instruct,prefix_only,switch_nt_after_commit,rate,32,1.0,1.0,,-0.13020833333333331,0.15104166666666669,,0.010416666666666671,0.875,0.8645833333333333,,
instruction,zh,none,instruct,prefix_only,has_tail_en,rate,98,1.0,0.6666666666666666,,-0.2210884353741496,0.0068027210884354155,,-0.10544217687074826,0.5102040816326531,0.6156462585034014,,
instruction,zh,none,instruct,prefix_only,has_tail_en_5,rate,98,0.0,0.3333333333333333,,-0.30952380952380953,-0.09013605442176868,,-0.1989795918367346,0.2755102040816326,0.47448979591836743,,
language,,metadata,en,tr,chars,ratio,93,38438.0,28134.0,1.345336556813844,1.1379445234708392,1.4468839044348651,0.2903225806451613,,,,neutral,none
language,,metadata,en,tr,tokens,ratio,93,12892.0,12121.0,1.0371730732695839,0.9312717433320449,1.1212052815709288,0.4946236559139785,,,,neutral,none
language,,metadata,en,tr,n_sent,ratio,93,697.0,525.0,1.1787175989085947,1.0825471698113207,1.3666666666666667,0.3010752688172043,,,,neutral,none
language,,metadata,en,tr,pre_commit_chars_regex,ratio,88,9889.5,11727.0,0.7985165521761498,0.644671930049129,1.0012388353506638,0.6022727272727273,,,,neutral,none
language,,metadata,en,tr,post_commit_chars_regex,ratio,88,24331.0,11184.0,1.649769033711705,1.4078801090919506,2.201770206035114,0.22727272727272727,,,,neutral,none
language,,metadata,en,tr,pre_commit_chars_last,ratio,88,33015.0,26923.0,1.2233943538303125,1.1240606240165545,1.4268730715798874,0.25,,,,neutral,none
language,,metadata,en,tr,post_commit_chars_last,ratio,88,52.0,20.0,2.3333333333333335,1.3166666666666667,3.736111111111111,0.3068181818181818,,,,neutral,none
language,,metadata,en,tr,recheck_span_chars,ratio,84,22670.0,11749.5,1.4834552014975766,1.334378458040076,1.747534516765286,0.25,,,,neutral,none
language,,metadata,en,tr,pre_commit_sent,ratio,88,167.0,215.0,0.7936400022981022,0.5778681543309769,0.9788135593220338,0.6136363636363636,,,,neutral,none
language,,metadata,en,tr,post_commit_sent,ratio,88,463.0,226.5,1.5956699865790775,1.4568675042832666,2.027160493827161,0.26136363636363635,,,,neutral,none
language,,metadata,en,tr,recheck_span_sent,ratio,84,432.0,239.5,1.477191452727313,1.3302503052503054,1.7287151702786379,0.2976190476190476,,,,neutral,none
language,,metadata,en,tr,pre_commit_tokens_est,ratio,88,3634.865509462714,5021.36552786961,0.6157602819523151,0.43930410713342705,0.7710655357980309,0.6931818181818182,,,,neutral,none
language,,metadata,en,tr,post_commit_tokens_est,ratio,88,8133.005872039017,5297.35030752283,1.2924120857033181,1.1311307446581906,1.601227983534366,0.3409090909090909,,,,neutral,none
language,,metadata,en,tr,pre_commit_chars_shift-10,ratio,84,6571.7,9093.7,0.6508622036611702,0.4328912707223578,0.9674706934591657,0.6190476190476191,,,,neutral,none
language,,metadata,en,tr,post_commit_chars_shift-10,ratio,88,28221.05,14703.8,1.6589863372643132,1.396736115313492,1.9621364913044512,0.22727272727272727,,,,neutral,none
language,,metadata,en,tr,pre_commit_chars_shift-5,ratio,87,7987.45,10242.65,0.6754453193265415,0.47340077896614763,1.0221505894162812,0.5977011494252874,,,,neutral,none
language,,metadata,en,tr,post_commit_chars_shift-5,ratio,88,26224.0,12652.65,1.6431888581684126,1.3992562145493417,2.085092598905781,0.22727272727272727,,,,neutral,none
language,,metadata,en,tr,pre_commit_chars_shift+5,ratio,88,11966.9,12719.849999999999,0.8420793134580162,0.6894694024261567,1.1267148206424769,0.5340909090909091,,,,neutral,none
language,,metadata,en,tr,post_commit_chars_shift+5,ratio,86,22955.95,10519.85,1.6477155670100765,1.4073178745775439,2.1534210447466675,0.23255813953488372,,,,neutral,none
language,,metadata,en,tr,pre_commit_chars_shift+10,ratio,88,13658.45,13794.5,0.8842868102621759,0.7145067190136294,1.1666610197842526,0.5113636363636364,,,,neutral,none
language,,metadata,en,tr,post_commit_chars_shift+10,ratio,79,21307.4,9693.4,1.5798722835503192,1.339268983322576,1.9166573400484985,0.27848101265822783,,,,neutral,none
language,,metadata,en,tr,commit_frac_regex,diff,88,0.2875070258547047,0.5621516037900482,,-0.20284736393144273,-0.04851801349789678,,-0.12956438477324025,,,neutral,none
language,,metadata,en,tr,commit_last_frac,diff,88,0.997831977267646,0.9991531780791463,,-0.0014652777465590239,7.537239892774217e-07,,-0.0005001154961472021,,,neutral,none
language,,metadata,en,tr,prose_compliance,diff,93,1.0,0.9662921348314607,,0.027888446215139417,0.04932735426008972,,0.0337078651685393,,,neutral,none
language,,metadata,en,tr,pre_switch_compliance,diff,93,1.0,0.9662921348314607,,0.027888446215139417,0.04932735426008972,,0.0337078651685393,,,neutral,none
language,,metadata,en,tr,pre_switch_nt_compliance,diff,93,1.0,0.970873786407767,,0.023255813953488413,0.0367089318824565,,0.029126213592232997,,,neutral,none
language,,metadata,en,tr,pre_commit_compliance,diff,88,1.0,0.9789909015715468,,0.01374303527158347,0.031079545454545443,,0.021009098428453277,,,neutral,none
language,,metadata,en,tr,post_commit_compliance,diff,88,1.0,0.9626151719901719,,0.029138513513513487,0.05384835039318192,,0.037384828009828064,,,neutral,none
language,,metadata,en,tr,pre_commit_en_share,diff,88,0.9587157940099117,0.02100909842845327,,0.9198795977150868,0.9410555959791953,,0.9281235069278548,,,neutral,none
language,,metadata,en,tr,post_commit_en_share,diff,88,0.9665550802802059,0.03738482800982801,,0.9014241408305461,0.9316538887641758,,0.9241985728702694,,,neutral,none
language,,metadata,en,tr,has_switch,rate,93,0.0,0.0,,0.0,0.0,,0.0,0.0,0.0,neutral,none
language,,metadata,en,tr,has_switch_prose,rate,93,0.0,0.0,,-0.15053763440860216,-0.03225806451612903,,-0.08602150537634409,0.0,0.08602150537634409,neutral,none
language,,metadata,en,tr,has_switch_nt,rate,93,0.0,0.0,,-0.26881720430107525,-0.10752688172043011,,-0.1827956989247312,0.0,0.1827956989247312,neutral,none
language,,metadata,en,tr,has_commit,rate,93,1.0,1.0,,-0.10752688172043011,-0.010752688172043012,,-0.053763440860215055,0.946236559139785,1.0,neutral,none
language,,metadata,en,tr,switch_after_commit,rate,0,,,,,,,,,,neutral,none
language,,metadata,en,tr,switch_nt_after_commit,rate,0,,,,,,,,,,neutral,none
language,,metadata,en,tr,has_tail_en,rate,0,,,,,,,,,,neutral,none
language,,metadata,en,tr,has_tail_en_5,rate,0,,,,,,,,,,neutral,none
language,,metadata,en,zh,chars,ratio,90,37515.5,22507.5,1.357322176113434,1.092017809688132,1.7683767052357795,0.32222222222222224,,,,neutral,none
language,,metadata,en,zh,tokens,ratio,90,12502.0,14284.5,0.7858383502688706,0.6898566202624603,0.9529270288219771,0.6333333333333333,,,,neutral,none
language,,metadata,en,zh,n_sent,ratio,90,669.0,654.5,0.8679008733514547,0.7449994504890647,1.1473347510189615,0.5555555555555556,,,,neutral,none
language,,metadata,en,zh,pre_commit_chars_regex,ratio,81,9936.0,5994.0,1.5557404326123128,1.2709498541995314,2.084255453683212,0.2962962962962963,,,,neutral,none
language,,metadata,en,zh,post_commit_chars_regex,ratio,81,22946.0,11319.0,1.5092149439245661,1.070581372739646,1.7404490616621984,0.35802469135802467,,,,neutral,none
language,,metadata,en,zh,pre_commit_chars_last,ratio,81,33232.0,20240.0,1.4605534902932673,1.1471641476644372,1.857192425894716,0.2839506172839506,,,,neutral,none
language,,metadata,en,zh,post_commit_chars_last,ratio,81,46.0,22.0,2.375,1.3076923076923077,3.8,0.345679012345679,,,,neutral,none
language,,metadata,en,zh,recheck_span_chars,ratio,75,22294.0,12332.0,1.2955228255294204,0.9202087096126831,1.5555884968870441,0.4,,,,neutral,none
language,,metadata,en,zh,pre_commit_sent,ratio,81,172.0,182.0,0.8870967741935484,0.7303370786516854,1.096774193548387,0.5555555555555556,,,,neutral,none
language,,metadata,en,zh,post_commit_sent,ratio,81,460.0,357.0,0.9439775910364145,0.664876476906552,1.2021857923497268,0.5185185185185185,,,,neutral,none
language,,metadata,en,zh,recheck_span_sent,ratio,75,428.0,373.0,0.8511904761904762,0.6186770428015564,1.0722222222222222,0.5733333333333334,,,,neutral,none
language,,metadata,en,zh,pre_commit_tokens_est,ratio,81,4060.9477031638075,3733.054229934924,0.8646272739594861,0.6810523313837483,1.073131964330098,0.6049382716049383,,,,neutral,none
language,,metadata,en,zh,post_commit_tokens_est,ratio,81,7853.349661489447,7939.810027230498,0.8035083303351958,0.6421514701976978,1.0135710510862956,0.5925925925925926,,,,neutral,none
language,,metadata,en,zh,pre_commit_chars_shift-10,ratio,71,7534.799999999999,4002.0,1.4995942947458285,1.032047875705357,2.372823970037453,0.38028169014084506,,,,neutral,none
language,,metadata,en,zh,post_commit_chars_shift-10,ratio,81,26912.7,12634.5,1.5255512545904533,1.1334568227926258,1.7695639430977774,0.345679012345679,,,,neutral,none
language,,metadata,en,zh,pre_commit_chars_shift-5,ratio,79,8266.75,5343.85,1.4794282447932254,1.1651169970634059,2.2991588437119543,0.35443037974683544,,,,neutral,none
language,,metadata,en,zh,post_commit_chars_shift-5,ratio,81,25271.85,11976.75,1.5314742908138077,1.1526276110762514,1.7043213679631504,0.345679012345679,,,,neutral,none
language,,metadata,en,zh,pre_commit_chars_shift+5,ratio,81,12151.65,7797.9,1.4665200465580603,1.3135182411120516,1.925458922660247,0.2962962962962963,,,,neutral,none
language,,metadata,en,zh,post_commit_chars_shift+5,ratio,74,21700.2,11990.100000000002,1.369015020244872,0.9632553090930135,1.643349521793796,0.3918918918918919,,,,neutral,none
language,,metadata,en,zh,pre_commit_chars_shift+10,ratio,81,13833.1,8359.1,1.4658727072664246,1.283871240641259,1.91389913899139,0.2716049382716049,,,,neutral,none
language,,metadata,en,zh,post_commit_chars_shift+10,ratio,72,20111.9,11800.599999999999,1.2775407623097481,0.9036545635240001,1.6166919909197555,0.4027777777777778,,,,neutral,none
language,,metadata,en,zh,commit_frac_regex,diff,81,0.34355052771282313,0.38419255434329974,,-0.031178899406946348,0.04900655773815131,,0.005416784021582799,,,neutral,none
language,,metadata,en,zh,commit_last_frac,diff,81,0.9980966087138181,0.9984520123839009,,-0.0014317672655578262,0.00027098442597883743,,-0.00044473950960310926,,,neutral,none
language,,metadata,en,zh,prose_compliance,diff,90,1.0,0.964528088475556,,0.016993087557603703,0.0814155619180521,,0.0354719115244439,,,neutral,none
language,,metadata,en,zh,pre_switch_compliance,diff,90,1.0,0.964528088475556,,0.016993087557603703,0.0814155619180521,,0.0354719115244439,,,neutral,none
language,,metadata,en,zh,pre_switch_nt_compliance,diff,90,1.0,0.9672546535425397,,0.016129032258064502,0.0456431535269709,,0.0327453464574603,,,neutral,none
language,,metadata,en,zh,pre_commit_compliance,diff,81,1.0,0.9886877828054299,,0.004424778761061954,0.02857142857142858,,0.011312217194570096,,,neutral,none
language,,metadata,en,zh,post_commit_compliance,diff,81,1.0,0.958029197080292,,0.013761467889908285,0.10813704496788012,,0.041970802919708006,,,neutral,none
language,,metadata,en,zh,pre_commit_en_share,diff,81,0.9538461538461539,0.011312217194570135,,0.9090909090909091,0.9380616174582798,,0.923611111111111,,,neutral,none
language,,metadata,en,zh,post_commit_en_share,diff,81,0.9681978798586572,0.041970802919708027,,0.8372558946132552,0.937822614543926,,0.9147816190069712,,,neutral,none
language,,metadata,en,zh,has_switch,rate,90,0.0,0.0,,-0.07777777777777778,0.0,,-0.03333333333333333,0.0,0.03333333333333333,neutral,none
language,,metadata,en,zh,has_switch_prose,rate,90,0.0,0.0,,-0.17777777777777778,-0.05555555555555555,,-0.1111111111111111,0.0,0.1111111111111111,neutral,none
language,,metadata,en,zh,has_switch_nt,rate,90,0.0,0.0,,-0.4666666666666667,-0.26666666666666666,,-0.36666666666666664,0.0,0.36666666666666664,neutral,none
language,,metadata,en,zh,has_commit,rate,90,1.0,1.0,,-0.07777777777777778,0.05555555555555555,,-0.011111111111111112,0.9444444444444444,0.9555555555555556,neutral,none
language,,metadata,en,zh,switch_after_commit,rate,0,,,,,,,,,,neutral,none
language,,metadata,en,zh,switch_nt_after_commit,rate,0,,,,,,,,,,neutral,none
language,,metadata,en,zh,has_tail_en,rate,0,,,,,,,,,,neutral,none
language,,metadata,en,zh,has_tail_en_5,rate,0,,,,,,,,,,neutral,none
language,,none,en,tr,chars,ratio,97,20627.0,20776.0,0.9114811568799299,0.7662480269027521,1.0793752283522104,0.5567010309278351,,,,neutral,none
language,,none,en,tr,tokens,ratio,97,6933.0,8978.0,0.7025620170801139,0.6208388188828287,0.849393605292172,0.7319587628865979,,,,neutral,none
language,,none,en,tr,n_sent,ratio,97,315.0,353.0,0.7885714285714286,0.7090103397341211,1.0591216216216217,0.5670103092783505,,,,neutral,none
language,,none,en,tr,pre_commit_chars_regex,ratio,91,10335.0,10529.0,1.1533677808770406,0.9643497757847533,1.2568520520896995,0.4175824175824176,,,,neutral,none
language,,none,en,tr,post_commit_chars_regex,ratio,91,3635.0,6070.0,0.47750073049576314,0.3853211009174312,0.6563011456628478,0.6703296703296703,,,,neutral,none
language,,none,en,tr,pre_commit_chars_last,ratio,91,17297.0,18957.0,0.8994365779524056,0.7534012197477716,1.0229236020395263,0.5714285714285714,,,,neutral,none
language,,none,en,tr,post_commit_chars_last,ratio,91,27.0,16.0,1.7647058823529411,1.4210526315789473,2.25,0.3076923076923077,,,,neutral,none
language,,none,en,tr,recheck_span_chars,ratio,88,3242.5,6165.5,0.4440976967874736,0.3116760363328707,0.6001434831864602,0.7045454545454546,,,,neutral,none
language,,none,en,tr,pre_commit_sent,ratio,91,179.0,178.0,1.0338983050847457,0.9014084507042254,1.2173913043478262,0.4835164835164835,,,,neutral,none
language,,none,en,tr,post_commit_sent,ratio,91,71.0,120.0,0.47435897435897434,0.3170731707317073,0.6941176470588235,0.6813186813186813,,,,neutral,none
language,,none,en,tr,recheck_span_sent,ratio,88,59.5,125.5,0.43652797257285336,0.25,0.5816455696202532,0.7159090909090909,,,,neutral,none
language,,none,en,tr,pre_commit_tokens_est,ratio,91,3922.091467326551,5059.843058752877,0.8528492110593925,0.7303777296039399,1.0179119735444146,0.5934065934065934,,,,neutral,none
language,,none,en,tr,post_commit_tokens_est,ratio,91,1521.6843872411864,2918.6080179644673,0.3907585948660814,0.30014332816511546,0.5644154260560096,0.7142857142857143,,,,neutral,none
language,,none,en,tr,pre_commit_chars_shift-10,ratio,91,8827.0,8496.4,1.1504378037043124,0.9541568603785731,1.2547877838483317,0.42857142857142855,,,,neutral,none
language,,none,en,tr,post_commit_chars_shift-10,ratio,91,5562.0,7825.0,0.5404737882036407,0.4545468137914536,0.801581170168933,0.6813186813186813,,,,neutral,none
language,,none,en,tr,pre_commit_chars_shift-5,ratio,91,9581.0,9444.7,1.1396271226695165,0.9532009681081197,1.2708176879101956,0.4175824175824176,,,,neutral,none
language,,none,en,tr,post_commit_chars_shift-5,ratio,91,4367.1,7028.5,0.5217827039016283,0.4280861830795253,0.7177568342996277,0.6813186813186813,,,,neutral,none
language,,none,en,tr,pre_commit_chars_shift+5,ratio,91,10834.0,11533.6,1.122803906043811,0.9529641190839084,1.2855489760860603,0.42857142857142855,,,,neutral,none
language,,none,en,tr,post_commit_chars_shift+5,ratio,83,2976.1500000000015,5635.049999999999,0.396711077778268,0.2692666384061041,0.5661135543505894,0.7108433734939759,,,,neutral,none
language,,none,en,tr,pre_commit_chars_shift+10,ratio,91,10834.0,12538.2,1.0719595190931022,0.9250553488152997,1.2262558102492072,0.42857142857142855,,,,neutral,none
language,,none,en,tr,post_commit_chars_shift+10,ratio,79,2218.6000000000004,4902.1,0.3317178663389058,0.19082287368489018,0.4944467582951548,0.7468354430379747,,,,neutral,none
language,,none,en,tr,commit_frac_regex,diff,91,0.7882716423335555,0.6362437351622263,,0.03615051894766008,0.1664395866003313,,0.09523826522423606,,,neutral,none
language,,none,en,tr,commit_last_frac,diff,91,0.9977536503182328,0.9990835147210448,,-0.0012272787880567293,-0.00042779054107577874,,-0.0007042689827565507,,,neutral,none
language,,none,en,tr,prose_compliance,diff,97,1.0,0.9758454106280193,,0.01382488479262678,0.03872053872053871,,0.024154589371980673,,,neutral,none
language,,none,en,tr,pre_switch_compliance,diff,97,1.0,0.9758454106280193,,0.01382488479262678,0.03872053872053871,,0.024154589371980673,,,neutral,none
language,,none,en,tr,pre_switch_nt_compliance,diff,97,1.0,0.9827586206896551,,0.012618296529968487,0.024154589371980673,,0.017241379310344862,,,neutral,none
language,,none,en,tr,pre_commit_compliance,diff,91,1.0,0.9834254143646409,,0.01016949152542368,0.0210280373831776,,0.016574585635359074,,,neutral,none
language,,none,en,tr,post_commit_compliance,diff,88,1.0,0.9602631578947368,,0.01470063025210079,0.05507988943571768,,0.03973684210526318,,,neutral,none
language,,none,en,tr,pre_commit_en_share,diff,91,0.9423076923076923,0.016574585635359115,,0.896551724137931,0.9393939393939394,,0.9128929095949457,,,neutral,none
language,,none,en,tr,post_commit_en_share,diff,88,0.9780952380952381,0.039736842105263154,,0.8773573526222249,0.9270140642939151,,0.9064323607427056,,,neutral,none
language,,none,en,tr,has_switch,rate,97,0.0,0.0,,-0.05154639175257732,0.0,,-0.020618556701030927,0.0,0.020618556701030927,neutral,none
language,,none,en,tr,has_switch_prose,rate,97,0.0,0.0,,-0.13402061855670103,-0.030927835051546393,,-0.07216494845360824,0.0,0.07216494845360824,neutral,none
language,,none,en,tr,has_switch_nt,rate,97,0.0,0.0,,-0.27835051546391754,-0.12371134020618557,,-0.1958762886597938,0.0,0.1958762886597938,neutral,none
language,,none,en,tr,has_commit,rate,97,1.0,1.0,,-0.10309278350515463,-0.010309278350515464,,-0.05154639175257732,0.9381443298969072,0.9896907216494846,neutral,none
language,,none,en,tr,switch_after_commit,rate,0,,,,,,,,,,neutral,none
language,,none,en,tr,switch_nt_after_commit,rate,0,,,,,,,,,,neutral,none
language,,none,en,tr,has_tail_en,rate,0,,,,,,,,,,neutral,none
language,,none,en,tr,has_tail_en_5,rate,0,,,,,,,,,,neutral,none
language,,none,en,zh,chars,ratio,100,22188.5,16481.5,1.4134213931128148,1.062914730615212,1.7800861413731948,0.38,,,,neutral,none
language,,none,en,zh,tokens,ratio,100,7042.5,9923.5,0.7889742786147612,0.6361020340010556,1.039440203562341,0.59,,,,neutral,none
language,,none,en,zh,n_sent,ratio,100,319.5,436.5,0.8008592963817396,0.6334056399132321,1.2300907258064515,0.56,,,,neutral,none
language,,none,en,zh,pre_commit_chars_regex,ratio,89,10335.0,8119.0,1.756354014344405,1.267577340297308,2.0319009761497435,0.30337078651685395,,,,neutral,none
language,,none,en,zh,post_commit_chars_regex,ratio,89,3335.0,2544.0,1.6519191327278056,0.7006267559974065,2.861038961038961,0.449438202247191,,,,neutral,none
language,,none,en,zh,pre_commit_chars_last,ratio,89,17297.0,14113.0,1.497534036852753,1.0427937186549372,1.9667019027484143,0.3707865168539326,,,,neutral,none
language,,none,en,zh,post_commit_chars_last,ratio,89,27.0,16.0,2.1875,1.5,2.6,0.3258426966292135,,,,neutral,none
language,,none,en,zh,recheck_span_chars,ratio,67,4383.0,4598.0,0.5593990216631726,0.3066097253227215,1.2769061381778144,0.5671641791044776,,,,neutral,none
language,,none,en,zh,pre_commit_sent,ratio,89,179.0,233.0,0.9065420560747663,0.7240437158469946,1.1394335511982572,0.5730337078651685,,,,neutral,none
language,,none,en,zh,post_commit_sent,ratio,89,71.0,87.0,0.9230769230769231,0.4245810055865922,1.7043478260869565,0.5056179775280899,,,,neutral,none
language,,none,en,zh,recheck_span_sent,ratio,67,87.0,152.0,0.37881219903691815,0.18181818181818182,0.9166666666666666,0.6268656716417911,,,,neutral,none
language,,none,en,zh,pre_commit_tokens_est,ratio,89,3922.091467326551,5710.724485646906,0.9373701586736397,0.7554526325825379,1.0250780506063897,0.5393258426966292,,,,neutral,none
language,,none,en,zh,post_commit_tokens_est,ratio,89,1521.6843872411864,1858.8979118329466,1.0550246370222416,0.3460429296544889,1.456429454053944,0.4943820224719101,,,,neutral,none
language,,none,en,zh,pre_commit_chars_shift-10,ratio,88,9124.3,6957.8,1.7192979637031436,1.359639777674461,2.0122110927332186,0.26136363636363635,,,,neutral,none
language,,none,en,zh,post_commit_chars_shift-10,ratio,89,5473.5,4099.1,1.6709277646312604,1.071690487189055,2.281509739029381,0.39325842696629215,,,,neutral,none
language,,none,en,zh,pre_commit_chars_shift-5,ratio,89,9581.0,7552.0,1.7620521304961185,1.2743382911859136,2.1227230046948358,0.2696629213483146,,,,neutral,none
language,,none,en,zh,post_commit_chars_shift-5,ratio,89,4215.3499999999985,3693.9000000000015,1.662291503041759,0.9305550591515055,2.374513419381275,0.4157303370786517,,,,neutral,none
language,,none,en,zh,pre_commit_chars_shift+5,ratio,89,10834.0,8686.0,1.7512728134941284,1.3016140002881547,2.0680210616709225,0.3146067415730337,,,,neutral,none
language,,none,en,zh,post_commit_chars_shift+5,ratio,70,2827.7999999999997,3645.0,0.46547232612582473,0.1737498454193488,1.5182549335012334,0.5857142857142857,,,,neutral,none
language,,none,en,zh,pre_commit_chars_shift+10,ratio,89,10834.0,9253.0,1.707487753673898,1.3130456283165641,2.0694355149800696,0.3258426966292135,,,,neutral,none
language,,none,en,zh,post_commit_chars_shift+10,ratio,61,1338.5999999999985,5147.0,0.27471308026305,0.06479486560474448,0.8649022606452151,0.639344262295082,,,,neutral,none
language,,none,en,zh,commit_frac_regex,diff,89,0.7952656662334082,0.7718580310065318,,-0.04532709521915912,0.10232787208864669,,0.0033900983224004477,,,neutral,none
language,,none,en,zh,commit_last_frac,diff,89,0.9977536503182328,0.9976651879523698,,-0.0008740406300132841,0.0002326816840545476,,-0.00026723830991448594,,,neutral,none
language,,none,en,zh,prose_compliance,diff,100,1.0,0.9626037570991699,,0.016697780347225848,0.06481481481481477,,0.037396242900830046,,,neutral,none
language,,none,en,zh,pre_switch_compliance,diff,100,1.0,0.9626037570991699,,0.016697780347225848,0.06481481481481477,,0.037396242900830046,,,neutral,none
language,,none,en,zh,pre_switch_nt_compliance,diff,100,1.0,0.977136137967076,,0.01215277777777779,0.04150769681455807,,0.02170715924466149,,,neutral,none
language,,none,en,zh,pre_commit_compliance,diff,89,1.0,0.9858490566037735,,0.00952380952380949,0.025000000000000022,,0.014150943396226467,,,neutral,none
language,,none,en,zh,post_commit_compliance,diff,85,1.0,0.9594594594594594,,0.0,0.06995884773662553,,0.04054054054054057,,,neutral,none
language,,none,en,zh,pre_commit_en_share,diff,89,0.9413919413919414,0.014018691588785047,,0.8888888888888888,0.937366737739872,,0.9090909090909091,,,neutral,none
language,,none,en,zh,post_commit_en_share,diff,85,0.9761904761904762,0.04054054054054054,,0.8562874251497006,0.9255473795014215,,0.897731064397731,,,neutral,none
language,,none,en,zh,has_switch,rate,100,0.0,0.0,,-0.08,-0.01,,-0.04,0.0,0.04,neutral,none
language,,none,en,zh,has_switch_prose,rate,100,0.0,0.0,,-0.22,-0.08,,-0.15,0.0,0.15,neutral,none
language,,none,en,zh,has_switch_nt,rate,100,0.0,0.0,,-0.42,-0.24,,-0.33,0.0,0.33,neutral,none
language,,none,en,zh,has_commit,rate,100,1.0,1.0,,-0.06,0.06,,0.0,0.94,0.94,neutral,none
language,,none,en,zh,switch_after_commit,rate,0,,,,,,,,,,neutral,none
language,,none,en,zh,switch_nt_after_commit,rate,0,,,,,,,,,,neutral,none
language,,none,en,zh,has_tail_en,rate,0,,,,,,,,,,neutral,none
language,,none,en,zh,has_tail_en_5,rate,0,,,,,,,,,,neutral,none
language,,metadata,en,tr,chars,ratio,97,51067.0,26261.0,2.230724834493295,1.9079984525363896,2.48988388773151,0.020618556701030927,,,,zhao_long,explicit
language,,metadata,en,tr,tokens,ratio,97,17367.0,11137.0,1.854003570938058,1.654614383522888,2.066923076923077,0.07216494845360824,,,,zhao_long,explicit
language,,metadata,en,tr,n_sent,ratio,97,978.0,499.0,2.4966292134831463,1.9432624113475176,2.7269155206286837,0.041237113402061855,,,,zhao_long,explicit
language,,metadata,en,tr,pre_commit_chars_regex,ratio,96,24161.0,11155.5,2.4754389004389004,2.100402929293203,2.950361944157187,0.10416666666666667,,,,zhao_long,explicit
language,,metadata,en,tr,post_commit_chars_regex,ratio,96,24027.5,11872.0,2.2142124970356623,1.784556328861159,2.8277126099706744,0.23958333333333334,,,,zhao_long,explicit
language,,metadata,en,tr,pre_commit_chars_last,ratio,96,43413.5,24057.5,2.1394849977023265,1.8496844816484224,2.4911752818071586,0.041666666666666664,,,,zhao_long,explicit
language,,metadata,en,tr,post_commit_chars_last,ratio,96,465.0,43.0,3.5697476525821594,2.3333333333333335,11.537313432835822,0.28125,,,,zhao_long,explicit
language,,metadata,en,tr,recheck_span_chars,ratio,90,22753.0,12163.0,1.9644701825473023,1.5777877684214374,2.5449640287769784,0.25555555555555554,,,,zhao_long,explicit
language,,metadata,en,tr,pre_commit_sent,ratio,96,474.0,203.5,2.675728685634838,2.255070530398478,3.101449275362319,0.10416666666666667,,,,zhao_long,explicit
language,,metadata,en,tr,post_commit_sent,ratio,96,493.5,243.5,2.4006024096385543,1.9337606837606838,2.906581828133552,0.25,,,,zhao_long,explicit
language,,metadata,en,tr,recheck_span_sent,ratio,90,480.5,249.5,2.141249241964827,1.7032074102368222,2.7030617408906883,0.24444444444444444,,,,zhao_long,explicit
language,,metadata,en,tr,pre_commit_tokens_est,ratio,96,9743.855648548892,5248.383217226035,2.1311213999311374,1.872049546612168,2.393693416379513,0.16666666666666666,,,,zhao_long,explicit
language,,metadata,en,tr,post_commit_tokens_est,ratio,96,8800.09142831431,5315.549435067114,1.9100599754686889,1.4953542920103704,2.3342917572176307,0.2916666666666667,,,,zhao_long,explicit
language,,metadata,en,tr,pre_commit_chars_shift-10,ratio,95,18256.1,8821.9,2.598903916415614,2.115850144092219,3.2125535420098847,0.14736842105263157,,,,zhao_long,explicit
language,,metadata,en,tr,post_commit_chars_shift-10,ratio,96,29397.15,14145.2,2.285427060006916,1.952261405262859,2.754258476308066,0.21875,,,,zhao_long,explicit
language,,metadata,en,tr,pre_commit_chars_shift-5,ratio,95,21757.8,9944.25,2.578647532700026,2.0872344690233406,3.089187615771368,0.11578947368421053,,,,zhao_long,explicit
language,,metadata,en,tr,post_commit_chars_shift-5,ratio,96,26368.475000000002,12843.849999999999,2.2366576201860546,1.9482884313185476,2.802800719264819,0.21875,,,,zhao_long,explicit
language,,metadata,en,tr,pre_commit_chars_shift+5,ratio,96,26677.800000000003,12260.825,2.3769217487866277,2.108616673184068,2.9595489028168487,0.10416666666666667,,,,zhao_long,explicit
language,,metadata,en,tr,post_commit_chars_shift+5,ratio,92,22538.449999999997,11383.525000000001,2.1307238092805068,1.6919613993917784,2.750796143056281,0.2608695652173913,,,,zhao_long,explicit
language,,metadata,en,tr,pre_commit_chars_shift+10,ratio,96,28843.05,13529.45,2.374496134231928,2.09189381309819,2.9081303911040286,0.08333333333333333,,,,zhao_long,explicit
language,,metadata,en,tr,post_commit_chars_shift+10,ratio,87,19999.4,10501.6,2.0477496338670518,1.6184533016061868,2.712994609181576,0.28735632183908044,,,,zhao_long,explicit
language,,metadata,en,tr,commit_frac_regex,diff,96,0.5264217994372726,0.5010561386139287,,-0.051219410598583315,0.05800837127497094,,0.0011210223161959854,,,zhao_long,explicit
language,,metadata,en,tr,commit_last_frac,diff,96,0.9917759727135669,0.997795212528827,,-0.008832353775307444,9.920140195410829e-05,,-0.003114068229954081,,,zhao_long,explicit
language,,metadata,en,tr,prose_compliance,diff,97,1.0,0.9693877551020408,,0.021052631578947323,0.0363036303630363,,0.030612244897959218,,,zhao_long,explicit
language,,metadata,en,tr,pre_switch_compliance,diff,97,1.0,0.9693877551020408,,0.021052631578947323,0.0363036303630363,,0.030612244897959218,,,zhao_long,explicit
language,,metadata,en,tr,pre_switch_nt_compliance,diff,97,1.0,0.9695652173913043,,0.021052631578947323,0.03347280334728031,,0.0304347826086957,,,zhao_long,explicit
language,,metadata,en,tr,pre_commit_compliance,diff,96,1.0,0.9825968523002422,,0.01035146846413093,0.02298850574712641,,0.01740314769975787,,,zhao_long,explicit
language,,metadata,en,tr,post_commit_compliance,diff,93,1.0,0.9705882352941176,,0.02352941176470591,0.04054054054054057,,0.02941176470588236,,,zhao_long,explicit
language,,metadata,en,tr,pre_commit_en_share,diff,96,0.9566499753423618,0.01740314769975787,,0.8933398736853589,0.9347826086956521,,0.9161532767813205,,,zhao_long,explicit
language,,metadata,en,tr,post_commit_en_share,diff,93,0.973568281938326,0.029411764705882353,,0.8933717579250721,0.9279457768508864,,0.9143798360530146,,,zhao_long,explicit
language,,metadata,en,tr,has_switch,rate,97,0.0,0.0,,-0.07216494845360824,0.0,,-0.030927835051546393,0.0,0.030927835051546393,zhao_long,explicit
language,,metadata,en,tr,has_switch_prose,rate,97,0.0,0.0,,-0.07216494845360824,0.0,,-0.030927835051546393,0.0,0.030927835051546393,zhao_long,explicit
language,,metadata,en,tr,has_switch_nt,rate,97,0.0,0.0,,-0.12371134020618557,-0.020618556701030927,,-0.07216494845360824,0.0,0.07216494845360824,zhao_long,explicit
language,,metadata,en,tr,has_commit,rate,97,1.0,1.0,,0.0,0.030927835051546393,,0.010309278350515464,1.0,0.9896907216494846,zhao_long,explicit
language,,metadata,en,tr,switch_after_commit,rate,0,,,,,,,,,,zhao_long,explicit
language,,metadata,en,tr,switch_nt_after_commit,rate,0,,,,,,,,,,zhao_long,explicit
language,,metadata,en,tr,has_tail_en,rate,0,,,,,,,,,,zhao_long,explicit
language,,metadata,en,tr,has_tail_en_5,rate,0,,,,,,,,,,zhao_long,explicit
language,,metadata,en,zh,chars,ratio,98,50763.5,25449.5,2.1127511295957824,1.8570831462761428,2.4945632730898577,0.030612244897959183,,,,zhao_long,explicit
language,,metadata,en,zh,tokens,ratio,98,17516.0,13431.0,1.39485098326125,1.1733120680489102,1.5164469631637305,0.25510204081632654,,,,zhao_long,explicit
language,,metadata,en,zh,n_sent,ratio,98,993.5,637.5,1.6102337633807315,1.3855799373040751,1.875,0.19387755102040816,,,,zhao_long,explicit
language,,metadata,en,zh,pre_commit_chars_regex,ratio,98,24316.0,8251.5,3.172053900469801,2.5855814487429685,3.6362938898907053,0.030612244897959183,,,,zhao_long,explicit
language,,metadata,en,zh,post_commit_chars_regex,ratio,98,23632.0,12399.5,2.2800751028093753,1.7328814462432467,2.677576268008833,0.25510204081632654,,,,zhao_long,explicit
language,,metadata,en,zh,pre_commit_chars_last,ratio,98,43892.5,21113.0,2.2846665066475547,1.9533928206666258,2.7048521147561577,0.05102040816326531,,,,zhao_long,explicit
language,,metadata,en,zh,post_commit_chars_last,ratio,98,413.0,67.0,2.388709677419355,1.0241187384044528,5.575530473038148,0.3877551020408163,,,,zhao_long,explicit
language,,metadata,en,zh,recheck_span_chars,ratio,96,22265.0,12306.5,1.8326303264159063,1.5123973266719473,2.563401479994983,0.28125,,,,zhao_long,explicit
language,,metadata,en,zh,pre_commit_sent,ratio,98,493.5,237.5,2.22048459893895,1.7452471482889733,2.736040609137056,0.11224489795918367,,,,zhao_long,explicit
language,,metadata,en,zh,post_commit_sent,ratio,98,483.5,336.5,1.4580501323397859,1.115739608801956,2.1941583488835215,0.35714285714285715,,,,zhao_long,explicit
language,,metadata,en,zh,recheck_span_sent,ratio,96,466.5,336.5,1.2362958053619533,1.0144866066950762,1.7052767052767053,0.3958333333333333,,,,zhao_long,explicit
language,,metadata,en,zh,pre_commit_tokens_est,ratio,98,9981.656408481525,5600.276113063324,2.005535436676797,1.6384233760264106,2.193441759486574,0.17346938775510204,,,,zhao_long,explicit
language,,metadata,en,zh,post_commit_tokens_est,ratio,98,8773.67002875805,7512.431430166134,1.204840067129505,0.9851089210469814,1.6870419570432689,0.40816326530612246,,,,zhao_long,explicit
language,,metadata,en,zh,pre_commit_chars_shift-10,ratio,91,18125.3,6770.7,3.1603196371116615,2.4998001199280435,3.985143196726932,0.04395604395604396,,,,zhao_long,explicit
language,,metadata,en,zh,post_commit_chars_shift-10,ratio,98,28845.3,14562.349999999999,2.1945965660061595,1.8460067090419532,2.7034732493121227,0.23469387755102042,,,,zhao_long,explicit
language,,metadata,en,zh,pre_commit_chars_shift-5,ratio,97,21757.8,7469.2,3.249385703416362,2.7030335068314897,3.8552430122841375,0.030927835051546393,,,,zhao_long,explicit
language,,metadata,en,zh,post_commit_chars_shift-5,ratio,98,26198.625,13392.7,2.1922174412707904,1.800510798433101,2.6725436633975557,0.23469387755102042,,,,zhao_long,explicit
language,,metadata,en,zh,pre_commit_chars_shift+5,ratio,98,27102.175000000003,9123.7,3.095931861966707,2.4771981354896457,3.5055593159723437,0.02040816326530612,,,,zhao_long,explicit
language,,metadata,en,zh,post_commit_chars_shift+5,ratio,93,19769.5,11959.3,2.0122945145420483,1.6260963087653901,2.596031470554206,0.27956989247311825,,,,zhao_long,explicit
language,,metadata,en,zh,pre_commit_chars_shift+10,ratio,98,29482.1,10270.349999999999,2.930986861500149,2.4651166976888788,3.4201967866780927,0.030612244897959183,,,,zhao_long,explicit
language,,metadata,en,zh,post_commit_chars_shift+10,ratio,89,17717.199999999997,11192.2,1.9117975031650611,1.5373166376601948,2.432604612435374,0.29213483146067415,,,,zhao_long,explicit
language,,metadata,en,zh,commit_frac_regex,diff,98,0.5324608656059976,0.4418693545910678,,0.00023981551851326536,0.14584217923771758,,0.062461744263603125,,,zhao_long,explicit
language,,metadata,en,zh,commit_last_frac,diff,98,0.9924247807595329,0.9966005696930829,,-0.004209903397985104,0.001093629492651127,,-9.001656020524162e-06,,,zhao_long,explicit
language,,metadata,en,zh,prose_compliance,diff,98,1.0,0.9151370070800166,,0.06971677559912859,0.11148986525174637,,0.08486299291998345,,,zhao_long,explicit
language,,metadata,en,zh,pre_switch_compliance,diff,98,1.0,0.9193091474001645,,0.06971677559912859,0.10828510508681083,,0.08069085259983555,,,zhao_long,explicit
language,,metadata,en,zh,pre_switch_nt_compliance,diff,98,1.0,0.9416959064327486,,0.044289999813672654,0.07448789571694603,,0.05622895622895624,,,zhao_long,explicit
language,,metadata,en,zh,pre_commit_compliance,diff,98,1.0,0.9722315929485017,,0.016431924882629123,0.03765690376569042,,0.0277684070514983,,,zhao_long,explicit
language,,metadata,en,zh,post_commit_compliance,diff,96,1.0,0.8871141931450008,,0.0809643395278754,0.19674638982747772,,0.11288580685499916,,,zhao_long,explicit
language,,metadata,en,zh,pre_commit_en_share,diff,98,0.9524063165810251,0.0277684070514983,,0.8768282285039679,0.9157289002557545,,0.8917027917461418,,,zhao_long,explicit
language,,metadata,en,zh,post_commit_en_share,diff,96,0.974747103932126,0.11288580685499915,,0.7435895320738791,0.8624210267468695,,0.7958202673240173,,,zhao_long,explicit
language,,metadata,en,zh,has_switch,rate,98,0.0,0.0,,-0.07142857142857142,0.0,,-0.030612244897959183,0.0,0.030612244897959183,zhao_long,explicit
language,,metadata,en,zh,has_switch_prose,rate,98,0.0,0.0,,-0.24489795918367346,-0.10204081632653061,,-0.17346938775510204,0.0,0.17346938775510204,zhao_long,explicit
language,,metadata,en,zh,has_switch_nt,rate,98,0.0,0.0,,-0.45918367346938777,-0.2653061224489796,,-0.3673469387755102,0.0,0.3673469387755102,zhao_long,explicit
language,,metadata,en,zh,has_commit,rate,98,1.0,1.0,,0.0,0.0,,0.0,1.0,1.0,zhao_long,explicit
language,,metadata,en,zh,switch_after_commit,rate,0,,,,,,,,,,zhao_long,explicit
language,,metadata,en,zh,switch_nt_after_commit,rate,0,,,,,,,,,,zhao_long,explicit
language,,metadata,en,zh,has_tail_en,rate,0,,,,,,,,,,zhao_long,explicit
language,,metadata,en,zh,has_tail_en_5,rate,0,,,,,,,,,,zhao_long,explicit
language,,none,en,tr,chars,ratio,98,51874.0,16288.0,3.2318152096973294,2.8171523557217806,3.728114484418217,0.01020408163265306,,,,zhao_long,explicit
language,,none,en,tr,tokens,ratio,98,17710.0,7711.0,2.4243008629327525,2.2373355513061397,2.7817927583161612,0.02040816326530612,,,,zhao_long,explicit
language,,none,en,tr,n_sent,ratio,98,948.0,292.5,3.3743866255848456,3.0133808885484488,4.022922636103152,0.01020408163265306,,,,zhao_long,explicit
language,,none,en,tr,pre_commit_chars_regex,ratio,93,30201.0,10219.0,2.673206621704476,2.05328995601173,3.122246220302376,0.11827956989247312,,,,zhao_long,explicit
language,,none,en,tr,post_commit_chars_regex,ratio,93,13973.0,3512.0,3.185352773588068,2.707774798927614,4.127161893960873,0.08602150537634409,,,,zhao_long,explicit
language,,none,en,tr,pre_commit_chars_last,ratio,93,43405.0,15179.0,2.907704918032787,2.6373398238957693,3.361476952022578,0.03225806451612903,,,,zhao_long,explicit
language,,none,en,tr,post_commit_chars_last,ratio,93,35.0,18.0,2.457508731082654,1.9230769230769231,3.456824512534819,0.24731182795698925,,,,zhao_long,explicit
language,,none,en,tr,recheck_span_chars,ratio,84,12432.5,3780.0,2.953496109599798,2.200043112739815,3.8139103121247246,0.16666666666666666,,,,zhao_long,explicit
language,,none,en,tr,pre_commit_sent,ratio,93,581.0,189.0,3.032608695652174,2.268292682926829,3.3333333333333335,0.12903225806451613,,,,zhao_long,explicit
language,,none,en,tr,post_commit_sent,ratio,93,325.0,77.0,3.6702127659574466,3.161764705882353,4.779411764705882,0.07526881720430108,,,,zhao_long,explicit
language,,none,en,tr,recheck_span_sent,ratio,84,293.0,76.5,3.5348318462594372,2.7936842105263158,4.709855769230769,0.14285714285714285,,,,zhao_long,explicit
language,,none,en,tr,pre_commit_tokens_est,ratio,93,10946.841005398503,4894.593193819675,2.099808330870485,1.6895992292939388,2.3919881579119795,0.15053763440860216,,,,zhao_long,explicit
language,,none,en,tr,post_commit_tokens_est,ratio,93,5819.429649638516,1813.0891468082477,2.492628368246683,2.09348957643047,3.109201354537787,0.10752688172043011,,,,zhao_long,explicit
language,,none,en,tr,pre_commit_chars_shift-10,ratio,93,25518.5,8700.2,2.5409601842807366,2.055180240463369,3.141654950793332,0.15053763440860216,,,,zhao_long,explicit
language,,none,en,tr,post_commit_chars_shift-10,ratio,93,19303.6,5157.5,3.192509253173752,2.8554406941503716,3.8228735518368153,0.043010752688172046,,,,zhao_long,explicit
language,,none,en,tr,pre_commit_chars_shift-5,ratio,93,27574.2,9459.6,2.5926097791527023,2.0541617495296833,3.1183737515059655,0.13978494623655913,,,,zhao_long,explicit
language,,none,en,tr,post_commit_chars_shift-5,ratio,93,16211.35,4326.799999999999,3.176002876778009,2.9132609423227107,3.867563297441549,0.053763440860215055,,,,zhao_long,explicit
language,,none,en,tr,pre_commit_chars_shift+5,ratio,93,32827.8,10978.4,2.7559399449591515,2.2943816076736536,3.1394947127310413,0.0967741935483871,,,,zhao_long,explicit
language,,none,en,tr,post_commit_chars_shift+5,ratio,83,12609.199999999997,3248.4000000000015,3.0165216304466695,2.280631679187388,4.148123234225748,0.13253012048192772,,,,zhao_long,explicit
language,,none,en,tr,pre_commit_chars_shift+10,ratio,93,35454.6,11737.8,2.829309735475627,2.2715498412023756,3.139542879082943,0.053763440860215055,,,,zhao_long,explicit
language,,none,en,tr,post_commit_chars_shift+10,ratio,77,10651.2,3167.5,2.7601878151991173,2.0740164342629486,4.053175012906556,0.16883116883116883,,,,zhao_long,explicit
language,,none,en,tr,commit_frac_regex,diff,93,0.6959496778152807,0.733672525439408,,-0.1021733165210047,0.003819313533263702,,-0.04581480988916764,,,zhao_long,explicit
language,,none,en,tr,commit_last_frac,diff,93,0.99912694255282,0.9988188395098184,,-0.0004908635119121874,0.00041134472984316606,,4.760087729882567e-05,,,zhao_long,explicit
language,,none,en,tr,prose_compliance,diff,98,1.0,0.9873417721518988,,0.007067137809187329,0.018181818181818188,,0.012658227848101222,,,zhao_long,explicit
language,,none,en,tr,pre_switch_compliance,diff,98,1.0,0.9873417721518988,,0.007067137809187329,0.018181818181818188,,0.012658227848101222,,,zhao_long,explicit
language,,none,en,tr,pre_switch_nt_compliance,diff,98,1.0,0.9878569325875772,,0.007067137809187329,0.018020065520065565,,0.012143067412422714,,,zhao_long,explicit
language,,none,en,tr,pre_commit_compliance,diff,93,1.0,0.9969040247678018,,0.0,0.007874015748031482,,0.003095975232198178,,,zhao_long,explicit
language,,none,en,tr,post_commit_compliance,diff,85,1.0,1.0,,0.0,0.019607843137254943,,0.0,,,zhao_long,explicit
language,,none,en,tr,pre_commit_en_share,diff,93,0.9375,0.0030959752321981426,,0.8999823947105885,0.9371069182389937,,0.9183673469387755,,,zhao_long,explicit
language,,none,en,tr,post_commit_en_share,diff,85,0.9625,0.0,,0.917306052855925,0.9461077844311377,,0.9365079365079365,,,zhao_long,explicit
language,,none,en,tr,has_switch,rate,98,0.0,0.0,,0.0,0.0,,0.0,0.0,0.0,zhao_long,explicit
language,,none,en,tr,has_switch_prose,rate,98,0.0,0.0,,0.0,0.0,,0.0,0.0,0.0,zhao_long,explicit
language,,none,en,tr,has_switch_nt,rate,98,0.0,0.0,,-0.030612244897959183,0.0,,-0.01020408163265306,0.0,0.01020408163265306,zhao_long,explicit
language,,none,en,tr,has_commit,rate,98,1.0,1.0,,-0.08163265306122448,0.01020408163265306,,-0.030612244897959183,0.9591836734693877,0.9897959183673469,zhao_long,explicit
language,,none,en,tr,switch_after_commit,rate,0,,,,,,,,,,zhao_long,explicit
language,,none,en,tr,switch_nt_after_commit,rate,0,,,,,,,,,,zhao_long,explicit
language,,none,en,tr,has_tail_en,rate,0,,,,,,,,,,zhao_long,explicit
language,,none,en,tr,has_tail_en_5,rate,0,,,,,,,,,,zhao_long,explicit
language,,none,en,zh,chars,ratio,97,50352.0,16231.0,3.1655782176228273,2.7427738644644157,3.3788159892055996,0.030927835051546393,,,,zhao_long,explicit
language,,none,en,zh,tokens,ratio,97,17615.0,9305.0,1.9260588358022115,1.6655431432973806,2.155460600728918,0.041237113402061855,,,,zhao_long,explicit
language,,none,en,zh,n_sent,ratio,97,934.0,411.0,2.378014184397163,2.032520325203252,2.6277777777777778,0.05154639175257732,,,,zhao_long,explicit
language,,none,en,zh,pre_commit_chars_regex,ratio,89,27894.0,8155.0,3.0044782803403494,2.362260706650974,3.8436045959548,0.0449438202247191,,,,zhao_long,explicit
language,,none,en,zh,post_commit_chars_regex,ratio,89,14696.0,3737.0,4.188654000535188,2.879850238257318,5.855273287143957,0.20224719101123595,,,,zhao_long,explicit
language,,none,en,zh,pre_commit_chars_last,ratio,89,41925.0,12441.0,3.152348224513173,2.7654307758251178,3.581060262800181,0.02247191011235955,,,,zhao_long,explicit
language,,none,en,zh,post_commit_chars_last,ratio,89,35.0,34.0,1.7272727272727273,1.125,2.702886247877759,0.33707865168539325,,,,zhao_long,explicit
language,,none,en,zh,recheck_span_chars,ratio,79,11973.0,3713.0,3.1134762404437115,2.217443249701314,4.532022873481058,0.26582278481012656,,,,zhao_long,explicit
language,,none,en,zh,pre_commit_sent,ratio,89,482.0,221.0,2.002306805074971,1.6206896551724137,2.3610108303249095,0.14606741573033707,,,,zhao_long,explicit
language,,none,en,zh,post_commit_sent,ratio,89,338.0,109.0,3.253731343283582,2.4174757281553396,4.183673469387755,0.23595505617977527,,,,zhao_long,explicit
language,,none,en,zh,recheck_span_sent,ratio,79,279.0,108.0,2.773109243697479,1.6713881019830028,3.4782608695652173,0.3037974683544304,,,,zhao_long,explicit
language,,none,en,zh,pre_commit_tokens_est,ratio,89,10422.054078471863,5373.7674581005585,1.7877001450357741,1.3619559935602223,1.9982786123149252,0.1797752808988764,,,,zhao_long,explicit
language,,none,en,zh,post_commit_tokens_est,ratio,89,5840.770018086156,2501.2269813816274,2.2800416567793276,1.6079451242958307,3.112315409672882,0.24719101123595505,,,,zhao_long,explicit
language,,none,en,zh,pre_commit_chars_shift-10,ratio,89,20795.7,6483.0,2.810397572766643,2.2958472854790717,3.8992904313615284,0.06741573033707865,,,,zhao_long,explicit
language,,none,en,zh,post_commit_chars_shift-10,ratio,89,19689.4,4772.5,3.8389435657846023,2.8377347242921016,5.267697878944646,0.1797752808988764,,,,zhao_long,explicit
language,,none,en,zh,pre_commit_chars_shift-5,ratio,89,22696.3,7412.549999999999,2.7950528897656692,2.2943310260229564,3.8263536513792236,0.06741573033707865,,,,zhao_long,explicit
language,,none,en,zh,post_commit_chars_shift-5,ratio,89,16638.300000000003,4348.75,4.1588226473297505,2.8422751009951717,5.632491262493102,0.1797752808988764,,,,zhao_long,explicit
language,,none,en,zh,pre_commit_chars_shift+5,ratio,89,31039.25,8778.1,2.8795866629108535,2.3671607662723444,3.7447306378500413,0.033707865168539325,,,,zhao_long,explicit
language,,none,en,zh,post_commit_chars_shift+5,ratio,81,12395.599999999999,3485.9,3.465360142529906,2.5870203724534435,5.699909899006202,0.2345679012345679,,,,zhao_long,explicit
language,,none,en,zh,pre_commit_chars_shift+10,ratio,89,32519.0,9385.5,2.8312253459395156,2.4496862815399094,3.7564163264576873,0.02247191011235955,,,,zhao_long,explicit
language,,none,en,zh,post_commit_chars_shift+10,ratio,74,10658.400000000003,3211.100000000001,3.1277132119742914,1.9360490574225184,4.761894383880756,0.28378378378378377,,,,zhao_long,explicit
language,,none,en,zh,commit_frac_regex,diff,89,0.6837610232779853,0.7158436573023905,,-0.14217395015151246,-0.016683403411440256,,-0.07420597388236078,,,zhao_long,explicit
language,,none,en,zh,commit_last_frac,diff,89,0.99912694255282,0.9973097186414079,,9.912146965473934e-05,0.0019080652500138573,,0.0004352559491406227,,,zhao_long,explicit
language,,none,en,zh,prose_compliance,diff,97,1.0,0.9194029850746268,,0.05555555555555558,0.10967741935483866,,0.08059701492537319,,,zhao_long,explicit
language,,none,en,zh,pre_switch_compliance,diff,97,1.0,0.9194029850746268,,0.05555555555555558,0.10967741935483866,,0.08059701492537319,,,zhao_long,explicit
language,,none,en,zh,pre_switch_nt_compliance,diff,97,1.0,0.9503105590062112,,0.04166666666666663,0.060509554140127375,,0.0496894409937888,,,zhao_long,explicit
language,,none,en,zh,pre_commit_compliance,diff,89,1.0,0.9712643678160919,,0.012048192771084376,0.042857142857142816,,0.028735632183908066,,,zhao_long,explicit
language,,none,en,zh,post_commit_compliance,diff,86,1.0,0.8179309257214951,,0.09756097560975607,0.2963692038495188,,0.182069074278505,,,zhao_long,explicit
language,,none,en,zh,pre_commit_en_share,diff,89,0.9382716049382716,0.024242424242424242,,0.8716437749224635,0.9019466906259359,,0.8833480655470184,,,zhao_long,explicit
language,,none,en,zh,post_commit_en_share,diff,86,0.9610584026751692,0.18206907427850497,,0.6723528904971139,0.8325369554419705,,0.7554765673085377,,,zhao_long,explicit
language,,none,en,zh,has_switch,rate,97,0.0,0.0,,-0.030927835051546393,0.0,,-0.010309278350515464,0.0,0.010309278350515464,zhao_long,explicit
language,,none,en,zh,has_switch_prose,rate,97,0.0,0.0,,-0.15463917525773196,-0.041237113402061855,,-0.09278350515463918,0.0,0.09278350515463918,zhao_long,explicit
language,,none,en,zh,has_switch_nt,rate,97,0.0,0.0,,-0.4845360824742268,-0.29896907216494845,,-0.3917525773195876,0.0,0.3917525773195876,zhao_long,explicit
language,,none,en,zh,has_commit,rate,97,1.0,1.0,,-0.061855670103092786,0.05154639175257732,,0.0,0.9587628865979382,0.9587628865979382,zhao_long,explicit
language,,none,en,zh,switch_after_commit,rate,0,,,,,,,,,,zhao_long,explicit
language,,none,en,zh,switch_nt_after_commit,rate,0,,,,,,,,,,zhao_long,explicit
language,,none,en,zh,has_tail_en,rate,0,,,,,,,,,,zhao_long,explicit
language,,none,en,zh,has_tail_en_5,rate,0,,,,,,,,,,zhao_long,explicit
language,,metadata,en,tr,chars,ratio,100,75144.0,29873.0,2.460623767804851,2.28785920389545,2.608994797784863,0.0,,,,zhao_long,none
language,,metadata,en,tr,tokens,ratio,100,27023.5,12234.0,2.0843642238580258,1.959563335350411,2.186608752663498,0.04,,,,zhao_long,none
language,,metadata,en,tr,n_sent,ratio,100,1500.5,532.0,2.691525974025974,2.439749608763693,3.005145483920198,0.02,,,,zhao_long,none
language,,metadata,en,tr,pre_commit_chars_regex,ratio,100,23500.5,11328.0,2.0402083886033893,1.806243520331759,2.437252578989301,0.14,,,,zhao_long,none
language,,metadata,en,tr,post_commit_chars_regex,ratio,100,40626.0,14648.5,2.866245967933657,2.366742138519942,3.1235235845462164,0.08,,,,zhao_long,none
language,,metadata,en,tr,pre_commit_chars_last,ratio,100,68930.0,27861.5,2.4303068155378775,2.3125051977933633,2.6449612386572863,0.0,,,,zhao_long,none
language,,metadata,en,tr,post_commit_chars_last,ratio,100,108.0,38.5,1.6894977168949772,0.9872548410479445,3.2301587301587302,0.4,,,,zhao_long,none
language,,metadata,en,tr,recheck_span_chars,ratio,100,38359.5,13532.0,2.767542475369946,2.3454450022583764,3.002447552004372,0.1,,,,zhao_long,none
language,,metadata,en,tr,pre_commit_sent,ratio,100,468.5,207.0,2.1478025810952213,1.9010775984110402,2.8898712813924785,0.12,,,,zhao_long,none
language,,metadata,en,tr,post_commit_sent,ratio,100,813.5,277.25,3.108610294117647,2.626172127978348,3.4834123222748814,0.07,,,,zhao_long,none
language,,metadata,en,tr,recheck_span_sent,ratio,100,769.0,259.0,3.1163134951162084,2.6260162601626016,3.545945945945946,0.08,,,,zhao_long,none
language,,metadata,en,tr,pre_commit_tokens_est,ratio,100,9057.543209251908,5233.387992281741,1.7477517702944767,1.4998478955493284,2.08853815464956,0.19,,,,zhao_long,none
language,,metadata,en,tr,post_commit_tokens_est,ratio,100,15622.137563218806,6092.477489206018,2.324073971023985,2.047754187303938,2.5385030406472726,0.13,,,,zhao_long,none
language,,metadata,en,tr,pre_commit_chars_shift-10,ratio,100,17334.525,8597.55,2.156306175607292,1.7421384910319078,2.506672841113669,0.26,,,,zhao_long,none
language,,metadata,en,tr,post_commit_chars_shift-10,ratio,100,46629.850000000006,17446.4,2.6732858231495147,2.370275290077911,3.041559554413025,0.06,,,,zhao_long,none
language,,metadata,en,tr,pre_commit_chars_shift-5,ratio,100,20473.35,10142.325,2.0968628443220174,1.767364904715403,2.462934446218643,0.19,,,,zhao_long,none
language,,metadata,en,tr,post_commit_chars_shift-5,ratio,100,43802.4,16149.925,2.737896435634016,2.372456241624182,3.096582683271262,0.06,,,,zhao_long,none
language,,metadata,en,tr,pre_commit_chars_shift+5,ratio,100,26214.050000000003,12588.925,2.080693924638888,1.8110542748473715,2.427492434054871,0.1,,,,zhao_long,none
language,,metadata,en,tr,post_commit_chars_shift+5,ratio,100,37522.625,13261.125,2.9062423232259826,2.3475312881310333,3.1515869993187473,0.1,,,,zhao_long,none
language,,metadata,en,tr,pre_commit_chars_shift+10,ratio,100,29173.95,14235.55,2.1824637169841763,1.8307136107364208,2.436838111667175,0.08,,,,zhao_long,none
language,,metadata,en,tr,post_commit_chars_shift+10,ratio,99,32939.0,12002.0,2.9596884681371036,2.3213886529261862,3.1796175630829486,0.1111111111111111,,,,zhao_long,none
language,,metadata,en,tr,commit_frac_regex,diff,100,0.4050077308433312,0.468958097182158,,-0.11115714510544243,-0.03843153071621465,,-0.08437128346906869,,,zhao_long,none
language,,metadata,en,tr,commit_last_frac,diff,100,0.9985886642002092,0.9983079365128371,,-0.00017261171988502966,0.0005496113464965591,,0.00030675811730457303,,,zhao_long,none
language,,metadata,en,tr,prose_compliance,diff,100,1.0,0.953078775369797,,0.03816793893129766,0.05870888964881382,,0.046921224630202985,,,zhao_long,none
language,,metadata,en,tr,pre_switch_compliance,diff,100,1.0,0.953078775369797,,0.03816793893129766,0.05870888964881382,,0.046921224630202985,,,zhao_long,none
language,,metadata,en,tr,pre_switch_nt_compliance,diff,100,1.0,0.9680489101541734,,0.027031911971200303,0.04078303425774876,,0.031951089845826675,,,zhao_long,none
language,,metadata,en,tr,pre_commit_compliance,diff,100,1.0,0.9790829694323144,,0.013157207979279162,0.029734865262535715,,0.020917030567685624,,,zhao_long,none
language,,metadata,en,tr,post_commit_compliance,diff,100,1.0,0.9535059037238873,,0.037735849056603765,0.05652173913043479,,0.04649409627611262,,,zhao_long,none
language,,metadata,en,tr,pre_commit_en_share,diff,100,0.9466571834992887,0.02091703056768559,,0.8930082589500612,0.9185964013592434,,0.9062283461618439,,,zhao_long,none
language,,metadata,en,tr,post_commit_en_share,diff,100,0.9720266040688577,0.046494096276112624,,0.86701761341322,0.9132660483724313,,0.8934527302809722,,,zhao_long,none
language,,metadata,en,tr,has_switch,rate,100,0.0,0.0,,-0.03333333333333333,-0.003333333333333333,,-0.016666666666666666,0.0,0.016666666666666666,zhao_long,none
language,,metadata,en,tr,has_switch_prose,rate,100,0.0,0.0,,-0.15166666666666667,-0.08,,-0.11666666666666665,0.0,0.11666666666666665,zhao_long,none
language,,metadata,en,tr,has_switch_nt,rate,100,0.0,0.3333333333333333,,-0.2983333333333333,-0.19333333333333336,,-0.245,0.0,0.245,zhao_long,none
language,,metadata,en,tr,has_commit,rate,100,1.0,1.0,,-0.01170833333333332,0.028333333333333335,,0.006666666666666666,0.99,0.9833333333333334,zhao_long,none
language,,metadata,en,tr,switch_after_commit,rate,0,,,,,,,,,,zhao_long,none
language,,metadata,en,tr,switch_nt_after_commit,rate,0,,,,,,,,,,zhao_long,none
language,,metadata,en,tr,has_tail_en,rate,0,,,,,,,,,,zhao_long,none
language,,metadata,en,tr,has_tail_en_5,rate,0,,,,,,,,,,zhao_long,none
language,,metadata,en,zh,chars,ratio,100,75144.0,33258.5,2.165116065508788,2.0355286578853686,2.4897425846073435,0.01,,,,zhao_long,none
language,,metadata,en,zh,tokens,ratio,100,27023.5,17971.5,1.4730287184379944,1.4100328783501046,1.5782129712904056,0.1,,,,zhao_long,none
language,,metadata,en,zh,n_sent,ratio,100,1500.5,824.5,1.7001507947771786,1.6217299578059072,1.878293601003764,0.05,,,,zhao_long,none
language,,metadata,en,zh,pre_commit_chars_regex,ratio,100,23500.5,7556.0,2.906433216224139,2.5011606912561257,3.5326272882774683,0.07,,,,zhao_long,none
language,,metadata,en,zh,post_commit_chars_regex,ratio,100,40626.0,19247.0,2.17080873942696,1.885271081017086,2.4287189521446715,0.17,,,,zhao_long,none
language,,metadata,en,zh,pre_commit_chars_last,ratio,100,68930.0,29621.0,2.332218850344063,2.161571649139164,2.669568495193713,0.02,,,,zhao_long,none
language,,metadata,en,zh,post_commit_chars_last,ratio,100,108.0,47.0,1.4581939799331103,0.8518518518518519,3.5,0.44,,,,zhao_long,none
language,,metadata,en,zh,recheck_span_chars,ratio,99,38554.0,18339.0,2.1579502706670337,1.8785889529872024,2.46544610624033,0.1717171717171717,,,,zhao_long,none
language,,metadata,en,zh,pre_commit_sent,ratio,100,468.5,214.0,1.9091758362140319,1.6180952920906126,2.455357142857143,0.19,,,,zhao_long,none
language,,metadata,en,zh,post_commit_sent,ratio,100,813.5,552.5,1.659715527975258,1.4689072660446705,1.9221556886227544,0.23,,,,zhao_long,none
language,,metadata,en,zh,recheck_span_sent,ratio,99,775.0,532.0,1.704840613931523,1.4101765316718589,1.9513274336283186,0.2222222222222222,,,,zhao_long,none
language,,metadata,en,zh,pre_commit_tokens_est,ratio,100,9057.543209251908,4460.229696975857,1.7939986236893886,1.459601979232454,2.161891633605537,0.21,,,,zhao_long,none
language,,metadata,en,zh,post_commit_tokens_est,ratio,100,15622.137563218806,11362.12820083428,1.424967745498379,1.2061606164183063,1.614528885839879,0.28,,,,zhao_long,none
language,,metadata,en,zh,pre_commit_chars_shift-10,ratio,92,20374.25,5126.95,2.7980243623585936,2.3728681063019907,3.7164409158710203,0.14130434782608695,,,,zhao_long,none
language,,metadata,en,zh,post_commit_chars_shift-10,ratio,100,46629.850000000006,22663.550000000003,2.110322888742813,1.9256707954315266,2.3383469510124764,0.13,,,,zhao_long,none
language,,metadata,en,zh,pre_commit_chars_shift-5,ratio,98,20745.975,6388.75,2.88613553663581,2.3898918018469697,3.7563440337108394,0.08163265306122448,,,,zhao_long,none
language,,metadata,en,zh,post_commit_chars_shift-5,ratio,100,43802.4,20631.15,2.1500972622333947,1.8923473233010393,2.3680745385377597,0.15,,,,zhao_long,none
language,,metadata,en,zh,pre_commit_chars_shift+5,ratio,100,26214.050000000003,9169.25,2.8899591170524506,2.5087966332864036,3.2409656043260124,0.06,,,,zhao_long,none
language,,metadata,en,zh,post_commit_chars_shift+5,ratio,97,37937.85,18195.05,2.14403399219285,1.8668602560302796,2.3121838393934593,0.17525773195876287,,,,zhao_long,none
language,,metadata,en,zh,pre_commit_chars_shift+10,ratio,100,29173.95,10554.05,2.756260975963688,2.5139346941200937,3.088230139471295,0.06,,,,zhao_long,none
language,,metadata,en,zh,post_commit_chars_shift+10,ratio,96,33810.65,16945.449999999997,2.1409480536119094,1.7874052162570373,2.302670871871428,0.17708333333333334,,,,zhao_long,none
language,,metadata,en,zh,commit_frac_regex,diff,100,0.4050077308433312,0.2972432349831096,,-0.0038880165391161695,0.0985225809499854,,0.04462267505142156,,,zhao_long,none
language,,metadata,en,zh,commit_last_frac,diff,100,0.9985886642002092,0.997890178739052,,-0.00013239381863361377,0.0010367079534500112,,0.00031232821465509986,,,zhao_long,none
language,,metadata,en,zh,prose_compliance,diff,100,1.0,0.8588556773015361,,0.09999999999999998,0.18181818181818188,,0.14114432269846383,,,zhao_long,none
language,,metadata,en,zh,pre_switch_compliance,diff,100,1.0,0.864693204616332,,0.09567198177676539,0.18029350104821806,,0.13530679538366802,,,zhao_long,none
language,,metadata,en,zh,pre_switch_nt_compliance,diff,100,1.0,0.9463189839271664,,0.04600365344137741,0.06612908317661331,,0.05368101607283354,,,zhao_long,none
language,,metadata,en,zh,pre_commit_compliance,diff,100,1.0,0.9663120567375887,,0.027272727272727226,0.039607843137254906,,0.03341471921869554,,,zhao_long,none
language,,metadata,en,zh,post_commit_compliance,diff,100,1.0,0.8073838293593502,,0.14925373134328357,0.25177304964539005,,0.19261617064064984,,,zhao_long,none
language,,metadata,en,zh,pre_commit_en_share,diff,100,0.9466571834992887,0.03368794326241135,,0.8797898823683583,0.9123249515655785,,0.8995999090035152,,,zhao_long,none
language,,metadata,en,zh,post_commit_en_share,diff,100,0.9720266040688577,0.19188410621898067,,0.6898779724655819,0.7987433231527412,,0.7612516073463858,,,zhao_long,none
language,,metadata,en,zh,has_switch,rate,100,0.0,0.0,,-0.08333333333333331,-0.03333333333333333,,-0.056666666666666664,0.0,0.056666666666666664,zhao_long,none
language,,metadata,en,zh,has_switch_prose,rate,100,0.0,0.3333333333333333,,-0.3416666666666666,-0.23,,-0.285,0.0,0.285,zhao_long,none
language,,metadata,en,zh,has_switch_nt,rate,100,0.0,0.6666666666666666,,-0.6983333333333335,-0.5816666666666667,,-0.6399999999999999,0.0,0.6399999999999999,zhao_long,none
language,,metadata,en,zh,has_commit,rate,100,1.0,1.0,,-0.013333333333333334,0.02666666666666667,,0.006666666666666667,0.99,0.9833333333333333,zhao_long,none
language,,metadata,en,zh,switch_after_commit,rate,0,,,,,,,,,,zhao_long,none
language,,metadata,en,zh,switch_nt_after_commit,rate,0,,,,,,,,,,zhao_long,none
language,,metadata,en,zh,has_tail_en,rate,0,,,,,,,,,,zhao_long,none
language,,metadata,en,zh,has_tail_en_5,rate,0,,,,,,,,,,zhao_long,none
language,,none,en,tr,chars,ratio,99,64124.0,23350.0,2.460567014713673,2.253833538335383,2.6286014932104025,0.0,,,,zhao_long,none
language,,none,en,tr,tokens,ratio,99,21983.0,10804.0,1.989159891598916,1.9234558544903373,2.112237509051412,0.020202020202020204,,,,zhao_long,none
language,,none,en,tr,n_sent,ratio,99,1172.0,437.0,2.7095238095238097,2.351005484460695,3.0722222222222224,0.010101010101010102,,,,zhao_long,none
language,,none,en,tr,pre_commit_chars_regex,ratio,99,34918.0,13814.0,2.5692976274371624,2.3508017854190775,2.860291001553892,0.04040404040404041,,,,zhao_long,none
language,,none,en,tr,post_commit_chars_regex,ratio,99,17006.0,7901.0,2.256655844155844,1.8606706309877767,2.507519905632557,0.16161616161616163,,,,zhao_long,none
language,,none,en,tr,pre_commit_chars_last,ratio,99,55587.0,22553.0,2.379980563654033,2.1400193522681996,2.620157564269636,0.020202020202020204,,,,zhao_long,none
language,,none,en,tr,post_commit_chars_last,ratio,99,35.0,13.5,2.5,2.0,4.375,0.1717171717171717,,,,zhao_long,none
language,,none,en,tr,recheck_span_chars,ratio,99,16422.0,7060.0,2.1465853025188264,1.677916487300904,2.4504457940302364,0.24242424242424243,,,,zhao_long,none
language,,none,en,tr,pre_commit_sent,ratio,99,686.0,217.0,2.8796296296296298,2.4015748031496065,3.326530612244898,0.030303030303030304,,,,zhao_long,none
language,,none,en,tr,post_commit_sent,ratio,99,391.0,168.0,2.4524312896405918,2.0707070707070705,3.0377358490566038,0.15151515151515152,,,,zhao_long,none
language,,none,en,tr,recheck_span_sent,ratio,99,357.0,153.0,2.3532608695652173,1.9420289855072463,2.6741573033707864,0.21212121212121213,,,,zhao_long,none
language,,none,en,tr,pre_commit_tokens_est,ratio,99,13881.021079258011,6136.311601049869,2.130948149567188,1.953201616009959,2.4568919696239897,0.0707070707070707,,,,zhao_long,none
language,,none,en,tr,post_commit_tokens_est,ratio,99,7354.801518987342,3648.552933961073,1.8683119918023983,1.6102422922943533,2.2182761693820083,0.20202020202020202,,,,zhao_long,none
language,,none,en,tr,pre_commit_chars_shift-10,ratio,99,29274.0,11495.4,2.5081565109285484,2.3412977324040445,3.0395134025597677,0.06060606060606061,,,,zhao_long,none
language,,none,en,tr,post_commit_chars_shift-10,ratio,99,23178.800000000003,9971.4,2.2841179958838644,1.9829893820684306,2.5964862715553325,0.1111111111111111,,,,zhao_long,none
language,,none,en,tr,pre_commit_chars_shift-5,ratio,99,32231.8,12842.7,2.56001966340871,2.3842877624502217,2.914454477042195,0.050505050505050504,,,,zhao_long,none
language,,none,en,tr,post_commit_chars_shift-5,ratio,99,20636.75,8857.85,2.3056072467150703,1.9730318353123875,2.5227334523401392,0.13131313131313133,,,,zhao_long,none
language,,none,en,tr,pre_commit_chars_shift+5,ratio,99,37229.65,14654.0,2.5155125398471405,2.2357099153953794,2.7727972283760187,0.04040404040404041,,,,zhao_long,none
language,,none,en,tr,post_commit_chars_shift+5,ratio,99,14789.149999999994,6380.700000000001,2.1717028490906687,1.7224547152251757,2.6583575960852914,0.20202020202020202,,,,zhao_long,none
language,,none,en,tr,pre_commit_chars_shift+10,ratio,99,39472.2,15371.6,2.466774761678455,2.179471601265068,2.7160275076461002,0.030303030303030304,,,,zhao_long,none
language,,none,en,tr,post_commit_chars_shift+10,ratio,94,13085.899999999998,5485.85,2.1494531020200434,1.7735404731964046,2.725820902208485,0.2553191489361702,,,,zhao_long,none
language,,none,en,tr,commit_frac_regex,diff,99,0.649951604497059,0.6419574505964037,,-0.044319545545769556,0.06872611444935317,,0.009275173774341616,,,zhao_long,none
language,,none,en,tr,commit_last_frac,diff,99,0.9991667317657474,0.9992948860684332,,-0.0010296858678301435,8.860912443642288e-05,,4.023845551870409e-06,,,zhao_long,none
language,,none,en,tr,prose_compliance,diff,99,1.0,0.9637096774193549,,0.022522522522522515,0.04861111111111116,,0.03629032258064513,,,zhao_long,none
language,,none,en,tr,pre_switch_compliance,diff,99,1.0,0.9637096774193549,,0.022522522522522515,0.04861111111111116,,0.03629032258064513,,,zhao_long,none
language,,none,en,tr,pre_switch_nt_compliance,diff,99,1.0,0.9801980198019802,,0.013483146067415741,0.03260869565217395,,0.01980198019801982,,,zhao_long,none
language,,none,en,tr,pre_commit_compliance,diff,99,1.0,0.9850746268656716,,0.010204081632653073,0.02083333333333337,,0.014925373134328401,,,zhao_long,none
language,,none,en,tr,post_commit_compliance,diff,99,1.0,0.9605042016806722,,0.02631578947368418,0.05769230769230771,,0.03949579831932781,,,zhao_long,none
language,,none,en,tr,pre_commit_en_share,diff,99,0.9495060373216246,0.014925373134328358,,0.9052525252525253,0.9333333333333333,,0.9154858299595142,,,zhao_long,none
language,,none,en,tr,post_commit_en_share,diff,99,0.9650872817955112,0.03949579831932773,,0.8765759499173985,0.9204152249134948,,0.9022556390977444,,,zhao_long,none
language,,none,en,tr,has_switch,rate,99,0.0,0.0,,-0.03198653198653198,-0.003367003367003367,,-0.015151515151515152,0.0,0.015151515151515152,zhao_long,none
language,,none,en,tr,has_switch_prose,rate,99,0.0,0.0,,-0.1127946127946128,-0.04882154882154882,,-0.07912457912457913,0.0,0.07912457912457913,zhao_long,none
language,,none,en,tr,has_switch_nt,rate,99,0.0,0.3333333333333333,,-0.28619528619528617,-0.18686868686868688,,-0.23569023569023567,0.0,0.23569023569023567,zhao_long,none
language,,none,en,tr,has_commit,rate,99,1.0,1.0,,-0.04713804713804714,0.0033670033670033673,,-0.020202020202020204,0.9696969696969697,0.98989898989899,zhao_long,none
language,,none,en,tr,switch_after_commit,rate,0,,,,,,,,,,zhao_long,none
language,,none,en,tr,switch_nt_after_commit,rate,0,,,,,,,,,,zhao_long,none
language,,none,en,tr,has_tail_en,rate,0,,,,,,,,,,zhao_long,none
language,,none,en,tr,has_tail_en_5,rate,0,,,,,,,,,,zhao_long,none
language,,none,en,zh,chars,ratio,99,64124.0,23306.0,2.2159638330986438,2.0748223663886316,2.690614005220747,0.04040404040404041,,,,zhao_long,none
language,,none,en,zh,tokens,ratio,99,21983.0,14036.0,1.577928607340372,1.4488932714015101,1.719649472784269,0.020202020202020204,,,,zhao_long,none
language,,none,en,zh,n_sent,ratio,99,1172.0,617.0,1.83377308707124,1.6921017402945113,2.098404255319149,0.030303030303030304,,,,zhao_long,none
language,,none,en,zh,pre_commit_chars_regex,ratio,99,34918.0,10107.0,2.807622913847542,2.4630176106615895,3.1466804894351306,0.030303030303030304,,,,zhao_long,none
language,,none,en,zh,post_commit_chars_regex,ratio,99,17006.0,7947.0,2.3926218708827403,1.99249361957664,2.999543691535478,0.1919191919191919,,,,zhao_long,none
language,,none,en,zh,pre_commit_chars_last,ratio,99,55587.0,20831.0,2.36525984664788,2.1160304247990815,2.7864908262918213,0.030303030303030304,,,,zhao_long,none
language,,none,en,zh,post_commit_chars_last,ratio,99,35.0,18.0,1.6875,1.1428571428571428,2.4545454545454546,0.3434343434343434,,,,zhao_long,none
language,,none,en,zh,recheck_span_chars,ratio,99,16422.0,6819.0,2.227164730728617,1.68553084458565,2.9443600455753893,0.25252525252525254,,,,zhao_long,none
language,,none,en,zh,pre_commit_sent,ratio,99,686.0,286.0,1.9458128078817734,1.6898047722342733,2.3857142857142857,0.08080808080808081,,,,zhao_long,none
language,,none,en,zh,post_commit_sent,ratio,99,391.0,192.0,2.1638418079096047,1.6168478260869565,2.5444444444444443,0.24242424242424243,,,,zhao_long,none
language,,none,en,zh,recheck_span_sent,ratio,99,357.0,176.0,2.0114942528735633,1.4744186046511627,2.576,0.29292929292929293,,,,zhao_long,none
language,,none,en,zh,pre_commit_tokens_est,ratio,99,13881.021079258011,6856.505053421889,1.7573993214903423,1.5591754191111766,1.9735016079281482,0.1111111111111111,,,,zhao_long,none
language,,none,en,zh,post_commit_tokens_est,ratio,99,7354.801518987342,4328.603200184183,1.4774700094289361,1.290609688381717,2.06373006268362,0.29292929292929293,,,,zhao_long,none
language,,none,en,zh,pre_commit_chars_shift-10,ratio,99,29274.0,8189.3,2.8396151050832796,2.5677796417555063,3.378512137516048,0.06060606060606061,,,,zhao_long,none
language,,none,en,zh,post_commit_chars_shift-10,ratio,99,23178.800000000003,11009.1,2.295768297372923,1.9342558791068851,2.9691500441178595,0.1414141414141414,,,,zhao_long,none
language,,none,en,zh,pre_commit_chars_shift-5,ratio,99,32231.8,9127.1,2.845889026454759,2.5346020171732313,3.371648207576402,0.04040404040404041,,,,zhao_long,none
language,,none,en,zh,post_commit_chars_shift-5,ratio,99,20636.75,9340.900000000001,2.302891461372171,1.9711474928419341,3.012560676971037,0.15151515151515152,,,,zhao_long,none
language,,none,en,zh,pre_commit_chars_shift+5,ratio,99,37229.65,11088.2,2.8160485418859516,2.4806937860164076,3.073912705636836,0.030303030303030304,,,,zhao_long,none
language,,none,en,zh,post_commit_chars_shift+5,ratio,97,14946.75,7044.25,2.378411134851942,1.902543418511049,2.9809503894077034,0.26804123711340205,,,,zhao_long,none
language,,none,en,zh,pre_commit_chars_shift+10,ratio,99,39472.2,12458.4,2.7364192129410654,2.4192759643916917,3.00860479409957,0.030303030303030304,,,,zhao_long,none
language,,none,en,zh,post_commit_chars_shift+10,ratio,91,13195.6,6159.200000000001,2.338817916304372,1.6825288024814444,3.091071899669217,0.2967032967032967,,,,zhao_long,none
language,,none,en,zh,commit_frac_regex,diff,99,0.649951604497059,0.6310811893884748,,-0.01636796626437298,0.05006579392412347,,0.01596095491918459,,,zhao_long,none
language,,none,en,zh,commit_last_frac,diff,99,0.9991667317657474,0.9988414006179197,,-4.126840505325191e-06,0.0005626554170848896,,0.000295945120870611,,,zhao_long,none
language,,none,en,zh,prose_compliance,diff,99,1.0,0.8518850987432676,,0.11312849162011174,0.20961145194274033,,0.14811490125673243,,,zhao_long,none
language,,none,en,zh,pre_switch_compliance,diff,99,1.0,0.8518850987432676,,0.11312849162011174,0.2016129032258065,,0.14811490125673243,,,zhao_long,none
language,,none,en,zh,pre_switch_nt_compliance,diff,99,1.0,0.9430604982206405,,0.04661016949152541,0.07913669064748197,,0.05550272017016411,,,zhao_long,none
language,,none,en,zh,pre_commit_compliance,diff,99,1.0,0.9560975609756097,,0.029585798816568087,0.0535714285714286,,0.04390243902439028,,,zhao_long,none
language,,none,en,zh,post_commit_compliance,diff,99,1.0,0.5714285714285714,,0.19736842105263164,0.5909090909090909,,0.4285714285714286,,,zhao_long,none
language,,none,en,zh,pre_commit_en_share,diff,99,0.9495060373216246,0.04390243902439024,,0.8758636788048553,0.9091310366966955,,0.8962135381694923,,,zhao_long,none
language,,none,en,zh,post_commit_en_share,diff,99,0.9650872817955112,0.42857142857142855,,0.37002840909090906,0.7529238873641252,,0.5507246376811594,,,zhao_long,none
language,,none,en,zh,has_switch,rate,99,0.0,0.0,,-0.06397306397306396,-0.020202020202020204,,-0.0404040404040404,0.0,0.0404040404040404,zhao_long,none
language,,none,en,zh,has_switch_prose,rate,99,0.0,0.0,,-0.27272727272727276,-0.1717171717171717,,-0.22222222222222218,0.0,0.22222222222222218,zhao_long,none
language,,none,en,zh,has_switch_nt,rate,99,0.0,0.6666666666666666,,-0.6531986531986531,-0.5319865319865319,,-0.5909090909090908,0.0,0.5909090909090908,zhao_long,none
language,,none,en,zh,has_commit,rate,99,1.0,1.0,,-0.03703703703703704,0.013552188552188864,,-0.010101010101010102,0.9696969696969697,0.9797979797979798,zhao_long,none
language,,none,en,zh,switch_after_commit,rate,0,,,,,,,,,,zhao_long,none
language,,none,en,zh,switch_nt_after_commit,rate,0,,,,,,,,,,zhao_long,none
language,,none,en,zh,has_tail_en,rate,0,,,,,,,,,,zhao_long,none
language,,none,en,zh,has_tail_en_5,rate,0,,,,,,,,,,zhao_long,none
language,,sycophancy,en,tr,chars,ratio,98,84534.0,27158.5,2.9536646490484575,2.707230194883036,3.3247196052041272,0.02040816326530612,,,,zhao_long,none
language,,sycophancy,en,tr,tokens,ratio,98,29488.5,11926.0,2.3986073518372493,2.204717078721423,2.609764403289449,0.030612244897959183,,,,zhao_long,none
language,,sycophancy,en,tr,n_sent,ratio,98,1730.5,488.0,3.3315204712027606,2.9544025157232703,3.823529411764706,0.02040816326530612,,,,zhao_long,none
language,,sycophancy,en,tr,pre_commit_chars_regex,ratio,95,34320.0,11985.0,2.881301569424381,2.4800821722043587,3.3055586749017407,0.06315789473684211,,,,zhao_long,none
language,,sycophancy,en,tr,post_commit_chars_regex,ratio,95,34591.0,10189.0,3.370191250824357,2.534038414782397,3.912202380952381,0.12631578947368421,,,,zhao_long,none
language,,sycophancy,en,tr,pre_commit_chars_last,ratio,95,78468.0,25128.0,2.958783157113708,2.744338646981206,3.319578529265736,0.010526315789473684,,,,zhao_long,none
language,,sycophancy,en,tr,post_commit_chars_last,ratio,95,196.0,28.0,1.875,1.125,2.875,0.37894736842105264,,,,zhao_long,none
language,,sycophancy,en,tr,recheck_span_chars,ratio,94,34385.0,10093.0,3.4091752351432194,2.5088478390587996,3.8775269541778976,0.1276595744680851,,,,zhao_long,none
language,,sycophancy,en,tr,pre_commit_sent,ratio,95,686.0,207.0,3.1,2.8655913978494625,3.8633540372670807,0.06315789473684211,,,,zhao_long,none
language,,sycophancy,en,tr,post_commit_sent,ratio,95,758.0,202.0,3.759259259259259,2.955223880597015,5.0,0.11578947368421053,,,,zhao_long,none
language,,sycophancy,en,tr,recheck_span_sent,ratio,94,732.5,209.0,3.865400616563407,2.7736263736263735,4.58146551724138,0.11702127659574468,,,,zhao_long,none
language,,sycophancy,en,tr,pre_commit_tokens_est,ratio,95,12971.928681662364,5261.226555522477,2.3036227836000016,2.0579228282394317,2.552953444298005,0.10526315789473684,,,,zhao_long,none
language,,sycophancy,en,tr,post_commit_tokens_est,ratio,95,12548.95487807785,4810.971346533469,2.6337042354896902,2.0898398151962914,3.225393889822193,0.1368421052631579,,,,zhao_long,none
language,,sycophancy,en,tr,pre_commit_chars_shift-10,ratio,94,27424.85,10218.650000000001,2.8832681501539152,2.4309460530610343,3.2569097359085535,0.11702127659574468,,,,zhao_long,none
language,,sycophancy,en,tr,post_commit_chars_shift-10,ratio,95,41461.8,12622.199999999997,3.377202207155936,2.5193572580949763,3.6905332048403725,0.10526315789473684,,,,zhao_long,none
language,,sycophancy,en,tr,pre_commit_chars_shift-5,ratio,94,30771.7,11095.95,2.867897806440995,2.4787583762475167,3.336346377530632,0.0851063829787234,,,,zhao_long,none
language,,sycophancy,en,tr,post_commit_chars_shift-5,ratio,95,37809.65,11381.7,3.4074916116318708,2.5116113512799756,3.7024470759052406,0.10526315789473684,,,,zhao_long,none
language,,sycophancy,en,tr,pre_commit_chars_shift+5,ratio,95,38678.45,13621.65,2.867438079236898,2.541367930593227,3.3057971014492753,0.05263157894736842,,,,zhao_long,none
language,,sycophancy,en,tr,post_commit_chars_shift+5,ratio,91,31164.55,9389.95,3.1693709006350432,2.266341269050701,3.7171936003336534,0.16483516483516483,,,,zhao_long,none
language,,sycophancy,en,tr,pre_commit_chars_shift+10,ratio,95,43036.9,15125.6,2.805248310433706,2.5899641435832774,3.2494379157684907,0.05263157894736842,,,,zhao_long,none
language,,sycophancy,en,tr,post_commit_chars_shift+10,ratio,86,27554.4,9414.3,2.9930029801868256,2.169728352504039,3.6673179318559193,0.18604651162790697,,,,zhao_long,none
language,,sycophancy,en,tr,commit_frac_regex,diff,95,0.49783940288952583,0.49088815120926765,,-0.07856275564853551,-0.004703394460711885,,-0.04671767562742424,,,zhao_long,none
language,,sycophancy,en,tr,commit_last_frac,diff,95,0.9976932763713825,0.9984847566519183,,-0.00014613254381340088,0.0007217544961544142,,0.00014332278510731378,,,zhao_long,none
language,,sycophancy,en,tr,prose_compliance,diff,98,1.0,0.9632330499236974,,0.025182134938232514,0.047770700636942665,,0.03658031327152467,,,zhao_long,none
language,,sycophancy,en,tr,pre_switch_compliance,diff,98,1.0,0.9632330499236974,,0.025182134938232514,0.047770700636942665,,0.03658031327152467,,,zhao_long,none
language,,sycophancy,en,tr,pre_switch_nt_compliance,diff,97,1.0,0.9726027397260274,,0.02163461538461542,0.03679699017941296,,0.0273972602739726,,,zhao_long,none
language,,sycophancy,en,tr,pre_commit_compliance,diff,95,1.0,0.9791666666666666,,0.01538461538461533,0.032163742690058506,,0.02083333333333337,,,zhao_long,none
language,,sycophancy,en,tr,post_commit_compliance,diff,95,1.0,0.9642857142857143,,0.02941176470588236,0.055102040816326525,,0.0357142857142857,,,zhao_long,none
language,,sycophancy,en,tr,pre_commit_en_share,diff,95,0.9439252336448598,0.020833333333333332,,0.8918918918918919,0.9235058795005455,,0.9066666666666666,,,zhao_long,none
language,,sycophancy,en,tr,post_commit_en_share,diff,95,0.9690721649484536,0.03571428571428571,,0.8699341556153204,0.9208452164894996,,0.9038295462589369,,,zhao_long,none
language,,sycophancy,en,tr,has_switch,rate,98,0.0,0.0,,-0.05102040816326531,0.0,,-0.02040816326530612,0.0,0.02040816326530612,zhao_long,none
language,,sycophancy,en,tr,has_switch_prose,rate,98,0.0,0.0,,-0.17346938775510204,-0.05102040816326531,,-0.11224489795918367,0.0,0.11224489795918367,zhao_long,none
language,,sycophancy,en,tr,has_switch_nt,rate,98,0.0,0.0,,-0.2755102040816326,-0.12244897959183673,,-0.19387755102040816,0.0,0.19387755102040816,zhao_long,none
language,,sycophancy,en,tr,has_commit,rate,98,1.0,1.0,,-0.02040816326530612,0.05102040816326531,,0.01020408163265306,0.9897959183673469,0.9795918367346939,zhao_long,none
language,,sycophancy,en,tr,switch_after_commit,rate,0,,,,,,,,,,zhao_long,none
language,,sycophancy,en,tr,switch_nt_after_commit,rate,0,,,,,,,,,,zhao_long,none
language,,sycophancy,en,tr,has_tail_en,rate,0,,,,,,,,,,zhao_long,none
language,,sycophancy,en,tr,has_tail_en_5,rate,0,,,,,,,,,,zhao_long,none
language,,sycophancy,en,zh,chars,ratio,99,84692.0,33203.0,2.356392657621708,2.081639610815347,2.699961017022567,0.12121212121212122,,,,zhao_long,none
language,,sycophancy,en,zh,tokens,ratio,99,29575.0,18761.0,1.5113048215745029,1.3965266369396856,1.6788617886178863,0.1919191919191919,,,,zhao_long,none
language,,sycophancy,en,zh,n_sent,ratio,99,1731.0,870.0,1.8204787234042554,1.5408496980532969,2.1130573248407645,0.15151515151515152,,,,zhao_long,none
language,,sycophancy,en,zh,pre_commit_chars_regex,ratio,97,35608.0,10062.0,3.1917671593072807,2.641025641025641,3.762817110710116,0.15463917525773196,,,,zhao_long,none
language,,sycophancy,en,zh,post_commit_chars_regex,ratio,97,34591.0,16789.0,1.915083991138451,1.4609043805934998,2.2555262624214154,0.27835051546391754,,,,zhao_long,none
language,,sycophancy,en,zh,pre_commit_chars_last,ratio,97,78562.0,28676.0,2.5927055061902813,2.2081854201497837,2.7645381314034747,0.08247422680412371,,,,zhao_long,none
language,,sycophancy,en,zh,post_commit_chars_last,ratio,97,196.0,27.0,1.6666666666666667,1.0681818181818181,3.92,0.38144329896907214,,,,zhao_long,none
language,,sycophancy,en,zh,recheck_span_chars,ratio,95,34711.0,16514.0,1.604692781865182,1.3929071474917187,2.222409544806121,0.29473684210526313,,,,zhao_long,none
language,,sycophancy,en,zh,pre_commit_sent,ratio,97,708.0,332.0,2.1959798994974875,1.6991150442477876,2.613861386138614,0.18556701030927836,,,,zhao_long,none
language,,sycophancy,en,zh,post_commit_sent,ratio,97,758.0,505.0,1.4513157894736841,1.1852487135506002,1.8090692124105012,0.3402061855670103,,,,zhao_long,none
language,,sycophancy,en,zh,recheck_span_sent,ratio,95,748.0,504.0,1.3365384615384615,1.1306818181818181,1.695,0.35789473684210527,,,,zhao_long,none
language,,sycophancy,en,zh,pre_commit_tokens_est,ratio,97,13080.686308816035,6284.3398101619205,1.9724532603667695,1.7186355063893544,2.2513086113572447,0.2268041237113402,,,,zhao_long,none
language,,sycophancy,en,zh,post_commit_tokens_est,ratio,97,12548.95487807785,10060.865611767327,1.1084128691420838,0.8991479096182141,1.3615510802633062,0.44329896907216493,,,,zhao_long,none
language,,sycophancy,en,zh,pre_commit_chars_shift-10,ratio,85,27343.9,7740.299999999999,2.9348233853930146,2.4938062049067575,3.4011922346486596,0.2,,,,zhao_long,none
language,,sycophancy,en,zh,post_commit_chars_shift-10,ratio,97,41461.8,19740.2,2.0125431848631132,1.5621867881548972,2.313371918824312,0.2268041237113402,,,,zhao_long,none
language,,sycophancy,en,zh,pre_commit_chars_shift-5,ratio,92,30771.7,9029.45,3.0983822169357875,2.5243662018427218,3.6343324829435804,0.17391304347826086,,,,zhao_long,none
language,,sycophancy,en,zh,post_commit_chars_shift-5,ratio,97,37809.65,18394.1,1.9126421533382618,1.51257917211593,2.2910976539964145,0.24742268041237114,,,,zhao_long,none
language,,sycophancy,en,zh,pre_commit_chars_shift+5,ratio,97,39401.1,11621.9,2.959040961195111,2.5877280243046688,3.324889530794466,0.12371134020618557,,,,zhao_long,none
language,,sycophancy,en,zh,post_commit_chars_shift+5,ratio,95,31077.449999999997,15701.9,1.7343188224240522,1.305740424180591,2.1824857227995067,0.3263157894736842,,,,zhao_long,none
language,,sycophancy,en,zh,pre_commit_chars_shift+10,ratio,97,43194.2,13392.1,2.870406189555126,2.423908216733814,3.389260604986412,0.08247422680412371,,,,zhao_long,none
language,,sycophancy,en,zh,post_commit_chars_shift+10,ratio,93,26980.800000000003,14355.8,1.5966553862365243,1.1989062745303256,2.097013995597824,0.3655913978494624,,,,zhao_long,none
language,,sycophancy,en,zh,commit_frac_regex,diff,97,0.49783940288952583,0.38268617736298344,,0.02109131278743623,0.21419829518113476,,0.10731687030292189,,,zhao_long,none
language,,sycophancy,en,zh,commit_last_frac,diff,97,0.9976932763713825,0.9990713914270857,,-9.595743346513252e-05,0.0004897546812822062,,0.00017562151140426696,,,zhao_long,none
language,,sycophancy,en,zh,prose_compliance,diff,99,1.0,0.8231046931407943,,0.11991869918699183,0.2369565217391304,,0.17689530685920574,,,zhao_long,none
language,,sycophancy,en,zh,pre_switch_compliance,diff,99,1.0,0.8231046931407943,,0.11991869918699183,0.2369565217391304,,0.17689530685920574,,,zhao_long,none
language,,sycophancy,en,zh,pre_switch_nt_compliance,diff,99,1.0,0.9328165374677002,,0.05414012738853502,0.08076009501187653,,0.06718346253229979,,,zhao_long,none
language,,sycophancy,en,zh,pre_commit_compliance,diff,97,1.0,0.9565217391304348,,0.03131115459882583,0.05648535564853552,,0.04347826086956519,,,zhao_long,none
language,,sycophancy,en,zh,post_commit_compliance,diff,97,1.0,0.7301038062283737,,0.14893617021276595,0.3257575757575757,,0.2698961937716263,,,zhao_long,none
language,,sycophancy,en,zh,pre_commit_en_share,diff,97,0.9437609841827768,0.043478260869565216,,0.8689722281412031,0.9060473269062226,,0.8933982683982684,,,zhao_long,none
language,,sycophancy,en,zh,post_commit_en_share,diff,97,0.9649122807017544,0.2698961937716263,,0.6071037919299951,0.7848828475869024,,0.6851282051282052,,,zhao_long,none
language,,sycophancy,en,zh,has_switch,rate,99,0.0,0.0,,-0.050505050505050504,0.0,,-0.020202020202020204,0.0,0.020202020202020204,zhao_long,none
language,,sycophancy,en,zh,has_switch_prose,rate,99,0.0,0.0,,-0.40404040404040403,-0.2222222222222222,,-0.31313131313131315,0.0,0.31313131313131315,zhao_long,none
language,,sycophancy,en,zh,has_switch_nt,rate,99,0.0,1.0,,-0.7575757575757576,-0.5757575757575758,,-0.6666666666666666,0.0,0.6666666666666666,zhao_long,none
language,,sycophancy,en,zh,has_commit,rate,99,1.0,1.0,,-0.030303030303030304,0.030303030303030304,,0.0,0.98989898989899,0.98989898989899,zhao_long,none
language,,sycophancy,en,zh,switch_after_commit,rate,0,,,,,,,,,,zhao_long,none
language,,sycophancy,en,zh,switch_nt_after_commit,rate,0,,,,,,,,,,zhao_long,none
language,,sycophancy,en,zh,has_tail_en,rate,0,,,,,,,,,,zhao_long,none
language,,sycophancy,en,zh,has_tail_en_5,rate,0,,,,,,,,,,zhao_long,none
language,,unethical,en,tr,chars,ratio,100,62423.5,24435.5,2.367129790777999,2.2099947396677244,2.6622754886423667,0.01,,,,zhao_long,none
language,,unethical,en,tr,tokens,ratio,100,20631.5,9770.0,1.8874942452237327,1.7336309523809523,2.197889283105045,0.02,,,,zhao_long,none
language,,unethical,en,tr,n_sent,ratio,100,1093.5,419.5,2.5042144130379427,2.2032578045174587,2.927107944627126,0.01,,,,zhao_long,none
language,,unethical,en,tr,pre_commit_chars_regex,ratio,100,26209.0,10440.5,2.4081026321862273,2.0543557608475056,2.9459190774430857,0.06,,,,zhao_long,none
language,,unethical,en,tr,post_commit_chars_regex,ratio,100,26491.5,11451.5,2.368259377614967,1.8132099990339334,2.648821783073621,0.14,,,,zhao_long,none
language,,unethical,en,tr,pre_commit_chars_last,ratio,100,57914.0,23601.5,2.292344814343644,2.1827277225001374,2.5013168883757553,0.01,,,,zhao_long,none
language,,unethical,en,tr,post_commit_chars_last,ratio,100,56.0,21.5,2.0355191256830603,1.7469135802469136,3.2857142857142856,0.25,,,,zhao_long,none
language,,unethical,en,tr,recheck_span_chars,ratio,100,26303.0,11440.0,2.290011495860591,1.8140980907825095,2.637001107921415,0.16,,,,zhao_long,none
language,,unethical,en,tr,pre_commit_sent,ratio,100,518.0,181.0,2.6421822615056385,2.19840856696661,3.238578680203046,0.05,,,,zhao_long,none
language,,unethical,en,tr,post_commit_sent,ratio,100,538.5,215.0,2.43092654762484,2.0,2.8100987295270166,0.11,,,,zhao_long,none
language,,unethical,en,tr,recheck_span_sent,ratio,100,521.5,213.75,2.4569719626168225,1.9572495729079358,2.9331946222791294,0.13,,,,zhao_long,none
language,,unethical,en,tr,pre_commit_tokens_est,ratio,100,9926.458870188791,4565.318776933102,2.058545541970604,1.722320622900063,2.5558833468268936,0.13,,,,zhao_long,none
language,,unethical,en,tr,post_commit_tokens_est,ratio,100,9476.023874716497,5071.7597606003965,1.93487674907362,1.535034472809669,2.1721332103356517,0.17,,,,zhao_long,none
language,,unethical,en,tr,pre_commit_chars_shift-10,ratio,100,21504.75,8037.25,2.4802766131127063,1.9500309488642122,3.1510124504482047,0.1,,,,zhao_long,none
language,,unethical,en,tr,post_commit_chars_shift-10,ratio,100,33391.35,13677.0,2.4089388176741378,1.9346253511744254,2.671298295840172,0.08,,,,zhao_long,none
language,,unethical,en,tr,pre_commit_chars_shift-5,ratio,100,24184.4,9305.7,2.4626063972022356,1.9689592741956408,2.994826201730049,0.08,,,,zhao_long,none
language,,unethical,en,tr,post_commit_chars_shift-5,ratio,100,29879.425,12773.75,2.3375031693782296,1.8784050227710292,2.638863984151591,0.12,,,,zhao_long,none
language,,unethical,en,tr,pre_commit_chars_shift+5,ratio,100,28771.8,11635.625,2.5413482312904914,2.056397075268424,2.8549207252513504,0.02,,,,zhao_long,none
language,,unethical,en,tr,post_commit_chars_shift+5,ratio,100,24514.824999999997,10170.7,2.256046150090377,1.7708195012793584,2.649261261993346,0.15,,,,zhao_long,none
language,,unethical,en,tr,pre_commit_chars_shift+10,ratio,100,31085.85,12693.05,2.5087750783710794,2.030392869675203,2.807028351417571,0.02,,,,zhao_long,none
language,,unethical,en,tr,post_commit_chars_shift+10,ratio,98,22716.15,8899.75,2.055978903504084,1.738182300006538,2.5793173062675954,0.21428571428571427,,,,zhao_long,none
language,,unethical,en,tr,commit_frac_regex,diff,100,0.4911587371084549,0.4573113829719351,,-0.05774083836916699,0.09121665004838814,,0.014204581515831705,,,zhao_long,none
language,,unethical,en,tr,commit_last_frac,diff,100,0.9989513177054512,0.9989465897914157,,-0.0004965462651442265,0.00021618003904810834,,2.9430802428509484e-05,,,zhao_long,none
language,,unethical,en,tr,prose_compliance,diff,100,1.0,0.9312235120692832,,0.06179278554326989,0.07732414581294998,,0.06877648793071678,,,zhao_long,none
language,,unethical,en,tr,pre_switch_compliance,diff,100,1.0,0.9312235120692832,,0.06179278554326989,0.07673781944498254,,0.06877648793071678,,,zhao_long,none
language,,unethical,en,tr,pre_switch_nt_compliance,diff,100,1.0,0.9366028708133971,,0.05509641873278237,0.07287449392712553,,0.06339712918660284,,,zhao_long,none
language,,unethical,en,tr,pre_commit_compliance,diff,100,1.0,0.9396217817270449,,0.05127719743844376,0.06738846037507566,,0.060378218272955086,,,zhao_long,none
language,,unethical,en,tr,post_commit_compliance,diff,100,1.0,0.9305555555555556,,0.062049716768410035,0.07792207792207795,,0.06944444444444442,,,zhao_long,none
language,,unethical,en,tr,pre_commit_en_share,diff,100,0.9612432128814828,0.060378218272955114,,0.8743218677087359,0.891110603844621,,0.8822615778860369,,,zhao_long,none
language,,unethical,en,tr,post_commit_en_share,diff,100,0.9767946690001009,0.06944444444444445,,0.8722620394310754,0.9061464357327733,,0.8849672425592174,,,zhao_long,none
language,,unethical,en,tr,has_switch,rate,100,0.0,0.0,,-0.03666666666666667,-0.003333333333333333,,-0.016666666666666666,0.0,0.016666666666666666,zhao_long,none
language,,unethical,en,tr,has_switch_prose,rate,100,0.0,0.0,,-0.12499999999999999,-0.06,,-0.09166666666666667,0.0,0.09166666666666667,zhao_long,none
language,,unethical,en,tr,has_switch_nt,rate,100,0.0,0.0,,-0.22333333333333327,-0.135,,-0.1783333333333333,0.0,0.1783333333333333,zhao_long,none
language,,unethical,en,tr,has_commit,rate,100,1.0,1.0,,0.0033333333333333335,0.035,,0.01666666666666667,1.0,0.9833333333333333,zhao_long,none
language,,unethical,en,tr,switch_after_commit,rate,0,,,,,,,,,,zhao_long,none
language,,unethical,en,tr,switch_nt_after_commit,rate,0,,,,,,,,,,zhao_long,none
language,,unethical,en,tr,has_tail_en,rate,0,,,,,,,,,,zhao_long,none
language,,unethical,en,tr,has_tail_en_5,rate,0,,,,,,,,,,zhao_long,none
language,,unethical,en,zh,chars,ratio,100,62423.5,24726.5,2.2276603362463625,2.020945637399148,2.384253108758592,0.04,,,,zhao_long,none
language,,unethical,en,zh,tokens,ratio,100,20631.5,12747.5,1.4622565741510234,1.4234207240948813,1.5727400468384074,0.06,,,,zhao_long,none
language,,unethical,en,zh,n_sent,ratio,100,1093.5,626.5,1.6836118148550288,1.551892644786741,1.8087912087912088,0.06,,,,zhao_long,none
language,,unethical,en,zh,pre_commit_chars_regex,ratio,100,26209.0,7965.5,2.5946737305504817,2.2515521856314393,3.02560553633218,0.06,,,,zhao_long,none
language,,unethical,en,zh,post_commit_chars_regex,ratio,100,26491.5,14457.0,1.9054011683021286,1.7152838427947599,2.2102045281162033,0.15,,,,zhao_long,none
language,,unethical,en,zh,pre_commit_chars_last,ratio,100,57914.0,22904.0,2.384485045429006,2.214428121720881,2.618261908317157,0.02,,,,zhao_long,none
language,,unethical,en,zh,post_commit_chars_last,ratio,100,56.0,50.5,0.9974463738508682,0.6505821373531112,1.2777777777777777,0.5,,,,zhao_long,none
language,,unethical,en,zh,recheck_span_chars,ratio,99,26450.0,13708.0,1.9452189925029593,1.7126575720946295,2.248966528870516,0.16161616161616163,,,,zhao_long,none
language,,unethical,en,zh,pre_commit_sent,ratio,100,518.0,221.0,1.7364095114305376,1.4838235294117648,1.9962486956127221,0.16,,,,zhao_long,none
language,,unethical,en,zh,post_commit_sent,ratio,100,538.5,366.0,1.4230740356101652,1.246520874751491,1.681921115117404,0.24,,,,zhao_long,none
language,,unethical,en,zh,recheck_span_sent,ratio,99,523.0,361.0,1.446629213483146,1.2458677685950412,1.6918367346938776,0.25252525252525254,,,,zhao_long,none
language,,unethical,en,zh,pre_commit_tokens_est,ratio,100,9926.458870188791,4994.240609291804,1.6831400368616465,1.4441280395067222,1.8740277342451417,0.13,,,,zhao_long,none
language,,unethical,en,zh,post_commit_tokens_est,ratio,100,9476.023874716497,7716.657714143752,1.2793403871191438,1.1766639543827375,1.4943047044555968,0.31,,,,zhao_long,none
language,,unethical,en,zh,pre_commit_chars_shift-10,ratio,97,21429.7,5951.799999999999,2.7019854107199492,2.355542505521441,3.429145537383439,0.09278350515463918,,,,zhao_long,none
language,,unethical,en,zh,post_commit_chars_shift-10,ratio,100,33391.35,16818.0,1.9560567692303206,1.7507480984986727,2.283587250338274,0.1,,,,zhao_long,none
language,,unethical,en,zh,pre_commit_chars_shift-5,ratio,98,24184.4,6832.225,2.715486167820707,2.2767223381445088,3.1281357100264895,0.07142857142857142,,,,zhao_long,none
language,,unethical,en,zh,post_commit_chars_shift-5,ratio,100,29879.425,15920.525000000001,1.9477492331879938,1.7170090112588705,2.2492978724338384,0.11,,,,zhao_long,none
language,,unethical,en,zh,pre_commit_chars_shift+5,ratio,100,28771.8,9238.5,2.559187739383437,2.2738133437815597,2.988667128084925,0.05,,,,zhao_long,none
language,,unethical,en,zh,post_commit_chars_shift+5,ratio,100,24514.824999999997,12941.675,1.8730460403029243,1.675815805307695,2.139064186669137,0.16,,,,zhao_long,none
language,,unethical,en,zh,pre_commit_chars_shift+10,ratio,100,31085.85,10548.5,2.562221500464477,2.297496082632471,2.9375383915717004,0.04,,,,zhao_long,none
language,,unethical,en,zh,post_commit_chars_shift+10,ratio,100,22716.15,11837.55,1.8536786271805075,1.6233557072096243,2.0588670061565226,0.2,,,,zhao_long,none
language,,unethical,en,zh,commit_frac_regex,diff,100,0.4911587371084549,0.4004215070750956,,0.01982015601537046,0.11621674931046488,,0.07573726413029952,,,zhao_long,none
language,,unethical,en,zh,commit_last_frac,diff,100,0.9989513177054512,0.9975847767879095,,0.00031693231174173553,0.0020232055016564665,,0.000907274916525036,,,zhao_long,none
language,,unethical,en,zh,prose_compliance,diff,100,1.0,0.7488020935398895,,0.16290018832391717,0.29166666666666674,,0.25119790646011053,,,zhao_long,none
language,,unethical,en,zh,pre_switch_compliance,diff,100,1.0,0.7537363978742724,,0.1611037451240368,0.2825153164581858,,0.24626360212572757,,,zhao_long,none
language,,unethical,en,zh,pre_switch_nt_compliance,diff,100,1.0,0.9027870680044593,,0.0871794871794872,0.10307548928238586,,0.09721293199554071,,,zhao_long,none
language,,unethical,en,zh,pre_commit_compliance,diff,100,1.0,0.9176453544523855,,0.07522318621903684,0.09090909090909094,,0.08235464554761446,,,zhao_long,none
language,,unethical,en,zh,post_commit_compliance,diff,100,1.0,0.6575314768863156,,0.24929178470254953,0.410024154589372,,0.3424685231136844,,,zhao_long,none
language,,unethical,en,zh,pre_commit_en_share,diff,100,0.9612432128814828,0.08157769826201255,,0.8515727391874182,0.8811255760668667,,0.8693972655439908,,,zhao_long,none
language,,unethical,en,zh,post_commit_en_share,diff,100,0.9767946690001009,0.3424685231136844,,0.5524132730015083,0.7059573131616728,,0.6303951893158136,,,zhao_long,none
language,,unethical,en,zh,has_switch,rate,100,0.0,0.0,,-0.10000000000000002,-0.04,,-0.07,0.0,0.07,zhao_long,none
language,,unethical,en,zh,has_switch_prose,rate,100,0.0,0.3333333333333333,,-0.36666666666666664,-0.2566666666666666,,-0.30999999999999994,0.0,0.30999999999999994,zhao_long,none
language,,unethical,en,zh,has_switch_nt,rate,100,0.0,0.6666666666666666,,-0.725,-0.6133333333333332,,-0.67,0.0,0.67,zhao_long,none
language,,unethical,en,zh,has_commit,rate,100,1.0,1.0,,0.0,0.0,,0.0,1.0,1.0,zhao_long,none
language,,unethical,en,zh,switch_after_commit,rate,0,,,,,,,,,,zhao_long,none
language,,unethical,en,zh,switch_nt_after_commit,rate,0,,,,,,,,,,zhao_long,none
language,,unethical,en,zh,has_tail_en,rate,0,,,,,,,,,,zhao_long,none
language,,unethical,en,zh,has_tail_en_5,rate,0,,,,,,,,,,zhao_long,none
prefix,en,metadata,zhao_long,neutral,chars,ratio,100,75144.0,38913.5,2.1787221658719402,2.0267516043946916,2.3871342724854694,0.01,,,,,
prefix,en,metadata,zhao_long,neutral,tokens,ratio,100,27023.5,13227.0,2.253780900866685,2.0708035003977723,2.4255214168574044,0.0,,,,,
prefix,en,metadata,zhao_long,neutral,n_sent,ratio,100,1500.5,710.5,2.4020584329349273,2.288562091503268,2.7052124641801543,0.02,,,,,
prefix,en,metadata,zhao_long,neutral,pre_commit_chars_regex,ratio,95,23770.0,10012.0,2.419178305970759,1.9859555258318007,2.762912205567452,0.11578947368421053,,,,,
prefix,en,metadata,zhao_long,neutral,post_commit_chars_regex,ratio,95,39830.0,24025.0,1.756817119409962,1.6505009682579777,2.238834547346514,0.16842105263157894,,,,,
prefix,en,metadata,zhao_long,neutral,pre_commit_chars_last,ratio,95,68358.0,33726.0,2.0589091067008294,1.8430334274184141,2.2761874954859525,0.0,,,,,
prefix,en,metadata,zhao_long,neutral,post_commit_chars_last,ratio,95,112.0,53.0,0.9639484978540772,0.4190428961071163,2.005008347245409,0.5052631578947369,,,,,
prefix,en,metadata,zhao_long,neutral,recheck_span_chars,ratio,89,37661.0,23612.0,1.6559967585089141,1.5404641775983854,1.9300033978933062,0.1797752808988764,,,,,
prefix,en,metadata,zhao_long,neutral,pre_commit_sent,ratio,95,477.0,180.0,2.842857142857143,2.3897846215781007,3.1686746987951806,0.07368421052631578,,,,,
prefix,en,metadata,zhao_long,neutral,post_commit_sent,ratio,95,808.0,435.0,2.2576687116564416,1.8195488721804511,2.633147113594041,0.1368421052631579,,,,,
prefix,en,metadata,zhao_long,neutral,recheck_span_sent,ratio,89,762.0,434.0,1.9861830742659758,1.6136363636363635,2.456603773584906,0.16853932584269662,,,,,
prefix,en,metadata,zhao_long,neutral,pre_commit_tokens_est,ratio,95,9072.083735759918,4060.9477031638075,2.687863797767753,2.1723583168704113,3.13619859604234,0.10526315789473684,,,,,
prefix,en,metadata,zhao_long,neutral,post_commit_tokens_est,ratio,95,15318.106393005859,8077.450896486798,2.084763302979603,1.7246831671059855,2.344485159982125,0.15789473684210525,,,,,
prefix,en,metadata,zhao_long,neutral,pre_commit_chars_shift-10,ratio,84,20374.25,7947.099999999999,2.460035976888869,1.829322310894472,3.413282222379639,0.16666666666666666,,,,,
prefix,en,metadata,zhao_long,neutral,post_commit_chars_shift-10,ratio,95,46063.3,27643.4,1.8272519043306876,1.7219865409295247,2.164860284114984,0.14736842105263157,,,,,
prefix,en,metadata,zhao_long,neutral,pre_commit_chars_shift-5,ratio,92,20745.975,8694.175,2.55452194677851,2.0817236747629324,3.096699543616957,0.15217391304347827,,,,,
prefix,en,metadata,zhao_long,neutral,post_commit_chars_shift-5,ratio,95,42545.55,25751.6,1.7696163568826704,1.6965543003327974,2.1981206248164673,0.15789473684210525,,,,,
prefix,en,metadata,zhao_long,neutral,pre_commit_chars_shift+5,ratio,95,26260.15,12166.05,2.35363348515651,1.975946123960156,2.7002211102059817,0.08421052631578947,,,,,
prefix,en,metadata,zhao_long,neutral,post_commit_chars_shift+5,ratio,90,36572.05,22955.95,1.6971538587534551,1.560734174417083,2.0325518695707436,0.17777777777777778,,,,,
prefix,en,metadata,zhao_long,neutral,pre_commit_chars_shift+10,ratio,95,29243.0,13940.5,2.241399252517512,1.9649725935186078,2.6383676145210195,0.06315789473684211,,,,,
prefix,en,metadata,zhao_long,neutral,post_commit_chars_shift+10,ratio,88,32640.65,21406.5,1.6522300940776713,1.4849489086897134,1.858433640654134,0.20454545454545456,,,,,
prefix,en,metadata,zhao_long,neutral,commit_frac_regex,diff,95,0.4079080580449211,0.34355052771282313,,0.001906397695104034,0.10038400416722776,,0.036418946834083255,,,,
prefix,en,metadata,zhao_long,neutral,commit_last_frac,diff,95,0.9985608795149457,0.9978915940779957,,-1.866524529670066e-05,0.0031315630105155368,,0.000644518537319283,,,,
prefix,en,metadata,zhao_long,neutral,prose_compliance,diff,100,1.0,1.0,,0.0,0.0,,0.0,,,,
prefix,en,metadata,zhao_long,neutral,pre_switch_compliance,diff,100,1.0,1.0,,0.0,0.0,,0.0,,,,
prefix,en,metadata,zhao_long,neutral,pre_switch_nt_compliance,diff,100,1.0,1.0,,0.0,0.0,,0.0,,,,
prefix,en,metadata,zhao_long,neutral,pre_commit_compliance,diff,95,1.0,1.0,,0.0,0.0,,0.0,,,,
prefix,en,metadata,zhao_long,neutral,post_commit_compliance,diff,95,1.0,1.0,,0.0,0.0,,0.0,,,,
prefix,en,metadata,zhao_long,neutral,pre_commit_en_share,diff,95,0.9484978540772532,0.9512195121951219,,-0.026548672566371723,-0.0027737924438068218,,-0.01756756756756761,,,,
prefix,en,metadata,zhao_long,neutral,post_commit_en_share,diff,95,0.9726027397260274,0.9681978798586572,,-0.018213035315607806,0.005305470456307987,,-0.005174741262936933,,,,
prefix,en,metadata,zhao_long,neutral,has_switch,rate,100,0.0,0.0,,0.0,0.0,,0.0,0.0,0.0,,
prefix,en,metadata,zhao_long,neutral,has_switch_prose,rate,100,0.0,0.0,,0.0,0.0,,0.0,0.0,0.0,,
prefix,en,metadata,zhao_long,neutral,has_switch_nt,rate,100,0.0,0.0,,0.0,0.0,,0.0,0.0,0.0,,
prefix,en,metadata,zhao_long,neutral,has_commit,rate,100,1.0,1.0,,-1.1102230246251566e-18,0.09,,0.04,0.99,0.95,,
prefix,en,metadata,zhao_long,neutral,switch_after_commit,rate,0,,,,,,,,,,,
prefix,en,metadata,zhao_long,neutral,switch_nt_after_commit,rate,0,,,,,,,,,,,
prefix,en,metadata,zhao_long,neutral,has_tail_en,rate,0,,,,,,,,,,,
prefix,en,metadata,zhao_long,neutral,has_tail_en_5,rate,0,,,,,,,,,,,
prefix,en,none,zhao_long,neutral,chars,ratio,99,64124.0,22047.0,3.1590361445783133,2.8918148272391813,3.559100129079845,0.030303030303030304,,,,,
prefix,en,none,zhao_long,neutral,tokens,ratio,99,21983.0,7002.0,3.314404267931239,2.9127272727272726,3.6532080287736397,0.030303030303030304,,,,,
prefix,en,none,zhao_long,neutral,n_sent,ratio,99,1172.0,318.0,3.712230215827338,3.227405247813411,4.491666666666666,0.030303030303030304,,,,,
prefix,en,none,zhao_long,neutral,pre_commit_chars_regex,ratio,93,32226.0,10505.0,2.6293868361806383,2.1540508574807804,3.021924829157175,0.07526881720430108,,,,,
prefix,en,none,zhao_long,neutral,post_commit_chars_regex,ratio,93,17231.0,3635.0,5.231324544883867,3.66467872258561,7.8,0.06451612903225806,,,,,
prefix,en,none,zhao_long,neutral,pre_commit_chars_last,ratio,93,53020.0,19987.0,2.9814882474729023,2.707608413399117,3.3515068760362823,0.03225806451612903,,,,,
prefix,en,none,zhao_long,neutral,post_commit_chars_last,ratio,93,35.0,27.0,1.3333333333333333,1.0,2.9166666666666665,0.3870967741935484,,,,,
prefix,en,none,zhao_long,neutral,recheck_span_chars,ratio,80,17724.5,4307.0,3.6457945866408434,2.7647671994440586,5.466940995954805,0.1875,,,,,
prefix,en,none,zhao_long,neutral,pre_commit_sent,ratio,93,668.0,185.0,3.1831683168316833,2.6128024469834537,3.605095541401274,0.07526881720430108,,,,,
prefix,en,none,zhao_long,neutral,post_commit_sent,ratio,93,391.0,71.0,5.659685863874346,4.3,8.142857142857142,0.053763440860215055,,,,,
prefix,en,none,zhao_long,neutral,recheck_span_sent,ratio,80,392.0,87.0,5.0870634530250864,3.3391304347826085,6.052631578947368,0.1625,,,,,
prefix,en,none,zhao_long,neutral,pre_commit_tokens_est,ratio,93,13007.486990786347,3951.255528255528,2.6721355497343824,2.2423241068468323,3.0298078092838954,0.06451612903225806,,,,,
prefix,en,none,zhao_long,neutral,post_commit_tokens_est,ratio,93,7379.369401751776,1521.6843872411864,5.0491037419225675,3.8461012956254352,7.0561416643894255,0.06451612903225806,,,,,
prefix,en,none,zhao_long,neutral,pre_commit_chars_shift-10,ratio,93,27979.6,9421.6,2.500244461995562,2.0685580258866105,2.832175026658022,0.10752688172043011,,,,,
prefix,en,none,zhao_long,neutral,post_commit_chars_shift-10,ratio,93,23178.800000000003,5562.0,3.9348100273894904,3.191333742864636,5.084653194975422,0.053763440860215055,,,,,
prefix,en,none,zhao_long,neutral,pre_commit_chars_shift-5,ratio,93,30056.7,9963.3,2.5581730180124986,2.0877079203654225,2.98278666442162,0.0967741935483871,,,,,
prefix,en,none,zhao_long,neutral,post_commit_chars_shift-5,ratio,93,20636.75,4367.1,4.171488806344744,3.4758848022206803,5.756646287009685,0.053763440860215055,,,,,
prefix,en,none,zhao_long,neutral,pre_commit_chars_shift+5,ratio,93,35677.4,11089.0,2.622978649850762,2.1671848249027237,2.9944996529173213,0.06451612903225806,,,,,
prefix,en,none,zhao_long,neutral,post_commit_chars_shift+5,ratio,74,15629.5,3959.7749999999996,4.1256715801954265,2.974253691925291,5.401815228850964,0.13513513513513514,,,,,
prefix,en,none,zhao_long,neutral,pre_commit_chars_shift+10,ratio,93,38384.2,11843.0,2.617383310495551,2.3082217898832686,3.164658741819153,0.053763440860215055,,,,,
prefix,en,none,zhao_long,neutral,post_commit_chars_shift+10,ratio,65,14124.699999999997,3688.5999999999985,3.880643456819114,2.2287603177978386,5.647874942669317,0.18461538461538463,,,,,
prefix,en,none,zhao_long,neutral,commit_frac_regex,diff,93,0.6436991032668969,0.7952656662334082,,-0.20737251174148752,-0.05386526145080469,,-0.13081724460827937,,,,
prefix,en,none,zhao_long,neutral,commit_last_frac,diff,93,0.9991667317657474,0.9979124535194729,,4.3108843735595315e-05,0.001102702229798469,,0.0005412322144434656,,,,
prefix,en,none,zhao_long,neutral,prose_compliance,diff,99,1.0,1.0,,0.0,0.0,,0.0,,,,
prefix,en,none,zhao_long,neutral,pre_switch_compliance,diff,99,1.0,1.0,,0.0,0.0,,0.0,,,,
prefix,en,none,zhao_long,neutral,pre_switch_nt_compliance,diff,99,1.0,1.0,,0.0,0.0,,0.0,,,,
prefix,en,none,zhao_long,neutral,pre_commit_compliance,diff,93,1.0,1.0,,0.0,0.0,,0.0,,,,
prefix,en,none,zhao_long,neutral,post_commit_compliance,diff,90,1.0,1.0,,0.0,0.0,,0.0,,,,
prefix,en,none,zhao_long,neutral,pre_commit_en_share,diff,93,0.9538461538461539,0.9423076923076923,,-0.01638176638176636,0.004550552104899963,,-0.006249999999999978,,,,
prefix,en,none,zhao_long,neutral,post_commit_en_share,diff,90,0.9651739138506092,0.9780952380952381,,-0.016159487165745185,0.0019016482328814313,,-0.006550843127235584,,,,
prefix,en,none,zhao_long,neutral,has_switch,rate,99,0.0,0.0,,0.0,0.0,,0.0,0.0,0.0,,
prefix,en,none,zhao_long,neutral,has_switch_prose,rate,99,0.0,0.0,,0.0,0.0,,0.0,0.0,0.0,,
prefix,en,none,zhao_long,neutral,has_switch_nt,rate,99,0.0,0.0,,0.0,0.0,,0.0,0.0,0.0,,
prefix,en,none,zhao_long,neutral,has_commit,rate,99,1.0,1.0,,-0.020202020202020207,0.08417508417508418,,0.030303030303030297,0.9696969696969697,0.9393939393939394,,
prefix,en,none,zhao_long,neutral,switch_after_commit,rate,0,,,,,,,,,,,
prefix,en,none,zhao_long,neutral,switch_nt_after_commit,rate,0,,,,,,,,,,,
prefix,en,none,zhao_long,neutral,has_tail_en,rate,0,,,,,,,,,,,
prefix,en,none,zhao_long,neutral,has_tail_en_5,rate,0,,,,,,,,,,,
prefix,tr,metadata,zhao_long,neutral,chars,ratio,93,29533.0,28134.0,1.0594547563805103,0.9572117316191241,1.1262290387246634,0.45161290322580644,,,,,
prefix,tr,metadata,zhao_long,neutral,tokens,ratio,93,11831.0,12121.0,1.0079299520898728,0.9246683399067767,1.0705337997968627,0.4731182795698925,,,,,
prefix,tr,metadata,zhao_long,neutral,n_sent,ratio,93,522.0,525.0,0.9587155963302753,0.9368686868686869,1.0941385435168738,0.5161290322580645,,,,,
prefix,tr,metadata,zhao_long,neutral,pre_commit_chars_regex,ratio,93,10707.0,11694.0,0.9822519639220251,0.8024588107384796,1.1064967573102742,0.5268817204301075,,,,,
prefix,tr,metadata,zhao_long,neutral,post_commit_chars_regex,ratio,93,14884.0,10848.0,1.2551688930485834,1.0170206522137852,1.5458125492255186,0.3978494623655914,,,,,
prefix,tr,metadata,zhao_long,neutral,pre_commit_chars_last,ratio,93,27416.0,26463.0,1.0251937984496124,0.9432715383812736,1.1127632553709388,0.4838709677419355,,,,,
prefix,tr,metadata,zhao_long,neutral,post_commit_chars_last,ratio,93,41.0,20.0,1.5333333333333334,0.9333333333333333,2.0,0.40860215053763443,,,,,
prefix,tr,metadata,zhao_long,neutral,recheck_span_chars,ratio,89,13823.0,11735.0,1.1987876774889978,0.979550752278025,1.5471052631578948,0.4044943820224719,,,,,
prefix,tr,metadata,zhao_long,neutral,pre_commit_sent,ratio,93,203.0,214.0,1.0,0.8442211055276382,1.0845070422535212,0.4946236559139785,,,,,
prefix,tr,metadata,zhao_long,neutral,post_commit_sent,ratio,93,276.0,226.0,1.21875,0.8888888888888888,1.4545454545454546,0.43010752688172044,,,,,
prefix,tr,metadata,zhao_long,neutral,recheck_span_sent,ratio,89,265.0,238.0,1.1666666666666667,0.878345498783455,1.5144927536231885,0.4606741573033708,,,,,
prefix,tr,metadata,zhao_long,neutral,pre_commit_tokens_est,ratio,93,4791.388033109387,4986.663031996456,0.913384637080572,0.8076151765061351,1.0824000072935773,0.5591397849462365,,,,,
prefix,tr,metadata,zhao_long,neutral,post_commit_tokens_est,ratio,93,6401.848033006406,5225.374409273294,1.253099454696407,0.9925214995693781,1.4408087220589363,0.40860215053763443,,,,,
prefix,tr,metadata,zhao_long,neutral,pre_commit_chars_shift-10,ratio,89,8529.4,9071.5,0.898364898247265,0.7364651652023264,1.0217494350438185,0.5730337078651685,,,,,
prefix,tr,metadata,zhao_long,neutral,post_commit_chars_shift-10,ratio,93,17854.9,14484.6,1.1898486430062627,0.961427892428935,1.4922486253421503,0.40860215053763443,,,,,
prefix,tr,metadata,zhao_long,neutral,pre_commit_chars_shift-5,ratio,92,9801.4,10171.55,0.9315297097988722,0.7848283320673756,1.0818426231833476,0.5543478260869565,,,,,
prefix,tr,metadata,zhao_long,neutral,post_commit_chars_shift-5,ratio,93,16338.5,12522.5,1.2269754125905805,0.9746506517021657,1.5453468259264806,0.40860215053763443,,,,,
prefix,tr,metadata,zhao_long,neutral,pre_commit_chars_shift+5,ratio,93,12011.95,12400.4,0.9863828285501822,0.8092545690198457,1.1163338342106695,0.5053763440860215,,,,,
prefix,tr,metadata,zhao_long,neutral,post_commit_chars_shift+5,ratio,91,13447.5,10517.5,1.2310271187705162,0.9709161152884469,1.6837020775123073,0.4065934065934066,,,,,
prefix,tr,metadata,zhao_long,neutral,pre_commit_chars_shift+10,ratio,93,13497.6,13747.4,0.9934166903476367,0.8434856175972927,1.126310685952863,0.5053763440860215,,,,,
prefix,tr,metadata,zhao_long,neutral,post_commit_chars_shift+10,ratio,84,12164.025,9604.2,1.1587278053598626,0.9127073217466902,1.5818282974218283,0.42857142857142855,,,,,
prefix,tr,metadata,zhao_long,neutral,commit_frac_regex,diff,93,0.44969460053750304,0.562947539485044,,-0.11088055550205167,0.009360094821049603,,-0.03552389272174647,,,,
prefix,tr,metadata,zhao_long,neutral,commit_last_frac,diff,93,0.9983054189602042,0.9991499008217626,,-0.0004496479239218809,2.1722516264643943e-05,,-0.00028837600976328037,,,,
prefix,tr,metadata,zhao_long,neutral,prose_compliance,diff,93,0.9529411764705882,0.9662921348314607,,-0.016574585635359074,0.0006547878884083369,,-0.006727728572688441,,,,
prefix,tr,metadata,zhao_long,neutral,pre_switch_compliance,diff,93,0.9529411764705882,0.9662921348314607,,-0.016574585635359074,0.0006547878884083369,,-0.006727728572688441,,,,
prefix,tr,metadata,zhao_long,neutral,pre_switch_nt_compliance,diff,93,0.9660194174757282,0.970873786407767,,-0.011406844106463865,-0.00034833210392593017,,-0.003911342894393766,,,,
prefix,tr,metadata,zhao_long,neutral,pre_commit_compliance,diff,93,0.9772727272727273,0.9803921568627451,,-0.004035308953341699,0.0027329192546584613,,0.0,,,,
prefix,tr,metadata,zhao_long,neutral,post_commit_compliance,diff,93,0.9533333333333334,0.9630681818181818,,-0.009874522640480166,0.01010446685878963,,0.0,,,,
prefix,tr,metadata,zhao_long,neutral,pre_commit_en_share,diff,93,0.022727272727272728,0.0196078431372549,,-0.002732919254658385,0.00403530895334174,,0.0,,,,
prefix,tr,metadata,zhao_long,neutral,post_commit_en_share,diff,93,0.04666666666666667,0.036931818181818184,,-0.010104466858789624,0.009874522640480088,,0.0,,,,
prefix,tr,metadata,zhao_long,neutral,has_switch,rate,93,0.0,0.0,,0.0035842293906810036,0.02867383512544803,,0.014336917562724014,0.014336917562724014,0.0,,
prefix,tr,metadata,zhao_long,neutral,has_switch_prose,rate,93,0.0,0.0,,-0.037634408602150546,0.08602150537634408,,0.026881720430107517,0.11290322580645161,0.08602150537634409,,
prefix,tr,metadata,zhao_long,neutral,has_switch_nt,rate,93,0.3333333333333333,0.0,,-0.03046594982078855,0.15412186379928314,,0.06272401433691754,0.2455197132616487,0.1827956989247312,,
prefix,tr,metadata,zhao_long,neutral,has_commit,rate,93,1.0,1.0,,-0.028673835125448032,0.0,,-0.012544802867383513,0.9874551971326164,1.0,,
prefix,tr,metadata,zhao_long,neutral,switch_after_commit,rate,0,,,,,,,,,,,
prefix,tr,metadata,zhao_long,neutral,switch_nt_after_commit,rate,10,1.0,1.0,,-0.3,0.0,,-0.1,0.8,0.9,,
prefix,tr,metadata,zhao_long,neutral,has_tail_en,rate,93,0.3333333333333333,0.0,,0.010752688172042984,0.1881720430107527,,0.10035842293906809,0.29390681003584224,0.1935483870967742,,
prefix,tr,metadata,zhao_long,neutral,has_tail_en_5,rate,93,0.3333333333333333,0.0,,-0.044802867383512565,0.12544802867383512,,0.04121863799283152,0.22401433691756267,0.1827956989247312,,
prefix,tr,none,zhao_long,neutral,chars,ratio,97,23126.0,20776.0,1.2715520371849807,1.1495366079703428,1.3772593359343897,0.30927835051546393,,,,,
prefix,tr,none,zhao_long,neutral,tokens,ratio,97,10738.0,8978.0,1.2207296849087894,1.106813646298584,1.32321608040201,0.31958762886597936,,,,,
prefix,tr,none,zhao_long,neutral,n_sent,ratio,97,436.0,353.0,1.3373493975903614,1.1363636363636365,1.457142857142857,0.31958762886597936,,,,,
prefix,tr,none,zhao_long,neutral,pre_commit_chars_regex,ratio,96,13340.5,10908.0,1.1301614594582077,1.0408797841693722,1.2938082952966858,0.34375,,,,,
prefix,tr,none,zhao_long,neutral,post_commit_chars_regex,ratio,96,7747.5,6041.5,1.2905288200370646,0.9973156481920101,1.6260026689202072,0.40625,,,,,
prefix,tr,none,zhao_long,neutral,pre_commit_chars_last,ratio,96,22078.0,19503.0,1.2683472357266736,1.1944796429948763,1.3546193252243999,0.3333333333333333,,,,,
prefix,tr,none,zhao_long,neutral,post_commit_chars_last,ratio,96,13.25,16.0,1.0,0.7222222222222222,1.0916518122400476,0.4583333333333333,,,,,
prefix,tr,none,zhao_long,neutral,recheck_span_chars,ratio,93,6951.0,6052.0,1.1703629032258065,0.9202727272727272,1.624375968325013,0.43010752688172044,,,,,
prefix,tr,none,zhao_long,neutral,pre_commit_sent,ratio,96,208.0,178.5,1.1907871821664924,1.0384570707070708,1.3252472886889115,0.34375,,,,,
prefix,tr,none,zhao_long,neutral,post_commit_sent,ratio,96,162.0,118.0,1.2365967365967365,0.9,1.7752422248803899,0.4166666666666667,,,,,
prefix,tr,none,zhao_long,neutral,recheck_span_sent,ratio,93,153.0,125.0,1.2828947368421053,0.8454545454545455,1.6,0.44086021505376344,,,,,
prefix,tr,none,zhao_long,neutral,pre_commit_tokens_est,ratio,96,5918.368235287688,5060.2724342378515,1.055026919355456,0.9960702374310587,1.277741421422768,0.40625,,,,,
prefix,tr,none,zhao_long,neutral,post_commit_tokens_est,ratio,96,3588.610235024787,2897.8935513579154,1.2258846529653837,0.9486959252070786,1.5520914869295468,0.4375,,,,,
prefix,tr,none,zhao_long,neutral,pre_commit_chars_shift-10,ratio,96,10765.65,8547.7,1.0577448597623125,0.9813581009280823,1.3069301573775371,0.4270833333333333,,,,,
prefix,tr,none,zhao_long,neutral,post_commit_chars_shift-10,ratio,96,9890.25,7829.45,1.2324043170719685,1.0292526981856394,1.5614706519046855,0.34375,,,,,
prefix,tr,none,zhao_long,neutral,pre_commit_chars_shift-5,ratio,96,12041.975,9839.025,1.083459030072681,1.0314323454351926,1.288672991463229,0.375,,,,,
prefix,tr,none,zhao_long,neutral,post_commit_chars_shift-5,ratio,96,8656.075,6985.475,1.2581016881336886,1.027447528147153,1.575626516946463,0.3541666666666667,,,,,
prefix,tr,none,zhao_long,neutral,pre_commit_chars_shift+5,ratio,96,14235.275,12051.75,1.1920451233380467,1.0797480582280317,1.292091735515329,0.3125,,,,,
prefix,tr,none,zhao_long,neutral,post_commit_chars_shift+5,ratio,88,6625.9,5619.049999999999,1.0479160429970218,0.8620941124365156,1.5678691119873733,0.48863636363636365,,,,,
prefix,tr,none,zhao_long,neutral,pre_commit_chars_shift+10,ratio,96,14902.5,13195.5,1.1935049337203072,1.1208061444460427,1.2836362430667063,0.3125,,,,,
prefix,tr,none,zhao_long,neutral,post_commit_chars_shift+10,ratio,83,5522.299999999999,4902.1,0.9788036995756828,0.7508810186717547,1.5738178775517968,0.5060240963855421,,,,,
prefix,tr,none,zhao_long,neutral,commit_frac_regex,diff,96,0.6412237141623445,0.6375839834638926,,-0.06926449942323876,0.008886656534351112,,-0.0318827486852139,,,,
prefix,tr,none,zhao_long,neutral,commit_last_frac,diff,96,0.9992944490030248,0.99908427756588,,6.929918206982633e-05,0.00038916138434830216,,0.0002040397955273554,,,,
prefix,tr,none,zhao_long,neutral,prose_compliance,diff,97,0.9637096774193549,0.9758454106280193,,-0.006993006993006978,0.0008521343937673009,,-0.0031182795698924126,,,,
prefix,tr,none,zhao_long,neutral,pre_switch_compliance,diff,97,0.9637096774193549,0.9758454106280193,,-0.006993006993006978,0.0008521343937673009,,-0.0031182795698924126,,,,
prefix,tr,none,zhao_long,neutral,pre_switch_nt_compliance,diff,97,0.9801980198019802,0.9827586206896551,,-0.005036607537713178,0.0008521343937673009,,-0.0009180983546950294,,,,
prefix,tr,none,zhao_long,neutral,pre_commit_compliance,diff,96,0.9849283073921988,0.9863205025394279,,0.0,0.0003467460399064759,,0.0,,,,
prefix,tr,none,zhao_long,neutral,post_commit_compliance,diff,95,0.9605042016806722,0.9704142011834319,,-0.0072240171343521675,9.712509712511697e-05,,0.0,,,,
prefix,tr,none,zhao_long,neutral,pre_commit_en_share,diff,96,0.015071692607801192,0.01367949746057204,,-0.000346746039906508,0.0,,0.0,,,,
prefix,tr,none,zhao_long,neutral,post_commit_en_share,diff,95,0.03949579831932773,0.029585798816568046,,-9.712509712509788e-05,0.007224017134352202,,0.0,,,,
prefix,tr,none,zhao_long,neutral,has_switch,rate,97,0.0,0.0,,-0.03780068728522337,0.018900343642611683,,-0.0051546391752577345,0.015463917525773193,0.020618556701030927,,
prefix,tr,none,zhao_long,neutral,has_switch_prose,rate,97,0.0,0.0,,-0.05498281786941582,0.06529209621993126,,0.00859106529209621,0.08075601374570446,0.07216494845360824,,
prefix,tr,none,zhao_long,neutral,has_switch_nt,rate,97,0.3333333333333333,0.0,,-0.04810996563573884,0.13058419243986252,,0.044673539518900324,0.2405498281786942,0.1958762886597938,,
prefix,tr,none,zhao_long,neutral,has_commit,rate,97,1.0,1.0,,-0.020618556701030927,0.027491408934707903,,0.0,0.9896907216494846,0.9896907216494846,,
prefix,tr,none,zhao_long,neutral,switch_after_commit,rate,1,1.0,1.0,,,,,,1.0,1.0,,
prefix,tr,none,zhao_long,neutral,switch_nt_after_commit,rate,13,1.0,1.0,,-0.38461538461538464,0.0,,-0.1794871794871795,0.8205128205128205,1.0,,
prefix,tr,none,zhao_long,neutral,has_tail_en,rate,97,0.3333333333333333,0.0,,-0.0618556701030928,0.13573883161512024,,0.03780068728522334,0.274914089347079,0.23711340206185566,,
prefix,tr,none,zhao_long,neutral,has_tail_en_5,rate,97,0.0,0.0,,-0.077319587628866,0.08939003436426134,,0.008591065292096196,0.17353951890034364,0.16494845360824742,,
prefix,zh,metadata,zhao_long,neutral,chars,ratio,90,33258.5,22507.5,1.327733630478237,1.1433883840386252,1.533754990355717,0.3333333333333333,,,,,
prefix,zh,metadata,zhao_long,neutral,tokens,ratio,90,17870.5,14284.5,1.1442480043198382,1.0444851059624247,1.3370470986798366,0.32222222222222224,,,,,
prefix,zh,metadata,zhao_long,neutral,n_sent,ratio,90,824.5,654.5,1.1296696325496995,1.0092934845884778,1.4550674705713464,0.3888888888888889,,,,,
prefix,zh,metadata,zhao_long,neutral,pre_commit_chars_regex,ratio,86,7243.5,5954.5,1.3365437083461316,1.0546313411378105,1.816586786683116,0.36046511627906974,,,,,
prefix,zh,metadata,zhao_long,neutral,post_commit_chars_regex,ratio,86,19638.5,11831.0,1.3786380175584025,1.0653064569811805,1.9838610513372272,0.37209302325581395,,,,,
prefix,zh,metadata,zhao_long,neutral,pre_commit_chars_last,ratio,86,29621.0,20869.0,1.2608689205778372,1.0481298690704408,1.420215583117891,0.37209302325581395,,,,,
prefix,zh,metadata,zhao_long,neutral,post_commit_chars_last,ratio,86,54.0,22.0,1.7738095238095237,1.1454545454545455,2.78125,0.37209302325581395,,,,,
prefix,zh,metadata,zhao_long,neutral,recheck_span_chars,ratio,79,18339.0,13577.0,1.1595803423522915,0.9116950757575758,1.6720007665772327,0.4430379746835443,,,,,
prefix,zh,metadata,zhao_long,neutral,pre_commit_sent,ratio,86,213.5,182.5,1.3040051755572546,1.0036290322580645,1.6935194984938533,0.3953488372093023,,,,,
prefix,zh,metadata,zhao_long,neutral,post_commit_sent,ratio,86,557.5,362.5,1.255723604560814,1.0823488848966556,1.8551476808120682,0.37209302325581395,,,,,
prefix,zh,metadata,zhao_long,neutral,recheck_span_sent,ratio,79,552.0,375.0,1.118067978533095,0.971830985915493,1.467780429594272,0.4050632911392405,,,,,
prefix,zh,metadata,zhao_long,neutral,pre_commit_tokens_est,ratio,86,4460.229696975857,3642.9568742471383,1.2652945668336149,1.0995565264897058,1.5607348374813168,0.3372093023255814,,,,,
prefix,zh,metadata,zhao_long,neutral,post_commit_tokens_est,ratio,86,11362.12820083428,8032.681912591253,1.279265557368466,1.0557999600143202,1.5638941204380798,0.32558139534883723,,,,,
prefix,zh,metadata,zhao_long,neutral,pre_commit_chars_shift-10,ratio,74,5789.9,4486.0,1.1378626647442664,0.7651059822323086,1.7653222839315217,0.4189189189189189,,,,,
prefix,zh,metadata,zhao_long,neutral,post_commit_chars_shift-10,ratio,86,22836.4,13140.25,1.3997957107884416,1.1209164886311953,1.9001922100453372,0.37209302325581395,,,,,
prefix,zh,metadata,zhao_long,neutral,pre_commit_chars_shift-5,ratio,84,6221.325000000001,4903.425,1.5160093849234357,1.030677021235459,1.8682163363585849,0.38095238095238093,,,,,
prefix,zh,metadata,zhao_long,neutral,post_commit_chars_shift-5,ratio,86,20995.675000000003,12667.95,1.398746822165824,1.0963814196431616,1.9408674058772672,0.37209302325581395,,,,,
prefix,zh,metadata,zhao_long,neutral,pre_commit_chars_shift+5,ratio,86,8922.55,7733.85,1.2288383959295894,1.0437145495532762,1.886159201977617,0.36046511627906974,,,,,
prefix,zh,metadata,zhao_long,neutral,post_commit_chars_shift+5,ratio,78,18448.675,12744.3,1.3319125123811724,0.9667473259687884,1.6622226208475575,0.4230769230769231,,,,,
prefix,zh,metadata,zhao_long,neutral,pre_commit_chars_shift+10,ratio,86,10483.75,8538.05,1.2155849115055188,1.0347466373922538,1.6551206111451218,0.37209302325581395,,,,,
prefix,zh,metadata,zhao_long,neutral,post_commit_chars_shift+10,ratio,76,17461.550000000003,12323.45,1.3401614963913642,0.8814524052414129,1.5799203653513012,0.4342105263157895,,,,,
prefix,zh,metadata,zhao_long,neutral,commit_frac_regex,diff,86,0.3019671586874694,0.3741798331494052,,-0.045844797344741034,0.03448256506453998,,-0.007493127619115587,,,,
prefix,zh,metadata,zhao_long,neutral,commit_last_frac,diff,86,0.9977624951501214,0.9984567754227197,,-0.0004489146733597793,0.0006971567400258505,,-0.00011611500824432186,,,,
prefix,zh,metadata,zhao_long,neutral,prose_compliance,diff,90,0.8521210919607025,0.964528088475556,,-0.0901328852706299,-0.01333639703988243,,-0.04752955573394818,,,,
prefix,zh,metadata,zhao_long,neutral,pre_switch_compliance,diff,90,0.8638834577556582,0.964528088475556,,-0.08763074636438767,-0.012151806387348625,,-0.04752955573394818,,,,
prefix,zh,metadata,zhao_long,neutral,pre_switch_nt_compliance,diff,90,0.9441534075680418,0.9672546535425397,,-0.029224204065976256,-0.006762637018152662,,-0.017602894996955998,,,,
prefix,zh,metadata,zhao_long,neutral,pre_commit_compliance,diff,86,0.9658447670179624,0.9908927451966465,,-0.02289808869865051,-0.005895869955686028,,-0.008950170829766402,,,,
prefix,zh,metadata,zhao_long,neutral,post_commit_compliance,diff,86,0.8047066027400684,0.9581812652068127,,-0.1307016509203025,-0.012895274132867118,,-0.0517778192067509,,,,
prefix,zh,metadata,zhao_long,neutral,pre_commit_en_share,diff,86,0.034155232982037514,0.009107254803353563,,0.005204160246533128,0.020902517200980117,,0.008950170829766423,,,,
prefix,zh,metadata,zhao_long,neutral,post_commit_en_share,diff,86,0.1952933972599316,0.041818734793187345,,0.01289527413286717,0.12996958649863335,,0.0517778192067509,,,,
prefix,zh,metadata,zhao_long,neutral,has_switch,rate,90,0.0,0.0,,-0.025925925925925932,0.06666666666666665,,0.022222222222222216,0.05555555555555555,0.03333333333333333,,
prefix,zh,metadata,zhao_long,neutral,has_switch_prose,rate,90,0.3333333333333333,0.0,,0.09069444444444444,0.2518518518518518,,0.1722222222222222,0.2833333333333333,0.1111111111111111,,
prefix,zh,metadata,zhao_long,neutral,has_switch_nt,rate,90,0.6666666666666666,0.0,,0.16106481481481477,0.3888888888888889,,0.2759259259259259,0.6425925925925925,0.36666666666666664,,
prefix,zh,metadata,zhao_long,neutral,has_commit,rate,90,1.0,1.0,,-0.011111111111111112,0.07777777777777778,,0.029629629629629627,0.9851851851851853,0.9555555555555556,,
prefix,zh,metadata,zhao_long,neutral,switch_after_commit,rate,1,1.0,1.0,,,,,,1.0,1.0,,
prefix,zh,metadata,zhao_long,neutral,switch_nt_after_commit,rate,29,1.0,1.0,,-0.07471264367816093,0.1438218390804603,,0.028735632183908035,0.8908045977011493,0.8620689655172413,,
prefix,zh,metadata,zhao_long,neutral,has_tail_en,rate,90,0.6666666666666666,0.0,,0.1925462962962963,0.4167129629629632,,0.3055555555555556,0.6722222222222223,0.36666666666666664,,
prefix,zh,metadata,zhao_long,neutral,has_tail_en_5,rate,90,0.6666666666666666,0.0,,0.15925925925925927,0.3722222222222221,,0.26851851851851855,0.5462962962962962,0.2777777777777778,,
prefix,zh,none,zhao_long,neutral,chars,ratio,100,23629.0,16481.5,1.4696494936026554,1.195320134641138,2.152861236401159,0.33,,,,,
prefix,zh,none,zhao_long,neutral,tokens,ratio,100,14059.0,9923.5,1.2932491060780849,1.072354981234263,1.663027767015055,0.36,,,,,
prefix,zh,none,zhao_long,neutral,n_sent,ratio,100,619.0,436.5,1.3002080299563137,1.0270964182408617,1.7558842321573502,0.38,,,,,
prefix,zh,none,zhao_long,neutral,pre_commit_chars_regex,ratio,94,9989.5,8416.0,1.3032950506146332,1.0208840689808216,1.645457373988799,0.3829787234042553,,,,,
prefix,zh,none,zhao_long,neutral,post_commit_chars_regex,ratio,94,8172.5,2427.0,2.871678010956172,1.1876273525996364,4.45695954235015,0.35106382978723405,,,,,
prefix,zh,none,zhao_long,neutral,pre_commit_chars_last,ratio,94,20422.5,14799.0,1.596836704652409,1.1862595255200772,1.9903669724770643,0.32978723404255317,,,,,
prefix,zh,none,zhao_long,neutral,post_commit_chars_last,ratio,94,18.0,16.0,1.5,1.03125,2.0555555555555554,0.3617021276595745,,,,,
prefix,zh,none,zhao_long,neutral,recheck_span_chars,ratio,71,6279.0,4598.0,0.9838672768878719,0.7271139063591894,2.1816192560175054,0.5070422535211268,,,,,
prefix,zh,none,zhao_long,neutral,pre_commit_sent,ratio,94,284.0,292.0,1.24475768321513,0.9449372970244114,1.4880636604774535,0.43617021276595747,,,,,
prefix,zh,none,zhao_long,neutral,post_commit_sent,ratio,94,197.5,87.0,1.9523026315789473,1.0193548387096774,3.462686567164179,0.39361702127659576,,,,,
prefix,zh,none,zhao_long,neutral,recheck_span_sent,ratio,71,176.0,152.0,0.9405204460966543,0.6627906976744186,1.7297297297297298,0.5352112676056338,,,,,
prefix,zh,none,zhao_long,neutral,pre_commit_tokens_est,ratio,94,6835.286872229813,6288.763978484827,1.1151041265190829,1.0046112670735248,1.3226603890299726,0.40425531914893614,,,,,
prefix,zh,none,zhao_long,neutral,post_commit_tokens_est,ratio,94,4582.255812701005,1812.7434828181433,2.2867166559056287,1.137899952574935,4.096499962690575,0.32978723404255317,,,,,
prefix,zh,none,zhao_long,neutral,pre_commit_chars_shift-10,ratio,93,8189.3,7178.6,1.2160789755882169,1.0023118296480358,1.5732447448987856,0.3870967741935484,,,,,
prefix,zh,none,zhao_long,neutral,post_commit_chars_shift-10,ratio,94,10903.150000000001,4451.6,2.297484408164185,1.2375254434326162,3.3245293169906143,0.3404255319148936,,,,,
prefix,zh,none,zhao_long,neutral,pre_commit_chars_shift-5,ratio,94,9124.675,7786.3,1.2793718769111262,0.9920177896604025,1.6338379094197695,0.40425531914893614,,,,,
prefix,zh,none,zhao_long,neutral,post_commit_chars_shift-5,ratio,94,9631.25,3724.975000000001,2.6210853187472978,1.1541939316819125,3.6337478599725763,0.35106382978723405,,,,,
prefix,zh,none,zhao_long,neutral,pre_commit_chars_shift+5,ratio,94,11080.7,9028.875,1.3171589795283385,1.0233907060631025,1.66662040525001,0.3829787234042553,,,,,
prefix,zh,none,zhao_long,neutral,post_commit_chars_shift+5,ratio,72,7309.875,3692.5,1.2175340166596267,0.8739742601194842,3.209475642619414,0.4305555555555556,,,,,
prefix,zh,none,zhao_long,neutral,pre_commit_chars_shift+10,ratio,94,12249.9,9981.4,1.3202097714510095,1.0180377955069468,1.7687968006235444,0.3829787234042553,,,,,
prefix,zh,none,zhao_long,neutral,post_commit_chars_shift+10,ratio,63,6242.9000000000015,5260.0999999999985,1.0759910375732509,0.6639140561443394,1.9734491518479058,0.49206349206349204,,,,,
prefix,zh,none,zhao_long,neutral,commit_frac_regex,diff,94,0.622837490685187,0.7962434240591186,,-0.22155201285173903,-0.07194618894528242,,-0.11575733551498368,,,,
prefix,zh,none,zhao_long,neutral,commit_last_frac,diff,94,0.9988152191107444,0.9976668210687473,,-0.00018352631359497273,0.0015317638213041551,,6.149743315836398e-05,,,,
prefix,zh,none,zhao_long,neutral,prose_compliance,diff,100,0.8531355318277741,0.9626037570991699,,-0.09523360075507314,-0.02614379084967322,,-0.04383178718684355,,,,
prefix,zh,none,zhao_long,neutral,pre_switch_compliance,diff,100,0.8531355318277741,0.9626037570991699,,-0.09148213690772222,-0.027227722772277252,,-0.04383178718684355,,,,
prefix,zh,none,zhao_long,neutral,pre_switch_nt_compliance,diff,100,0.9440792687181634,0.977136137967076,,-0.033683687825871056,-0.010009480457329967,,-0.018975538517707224,,,,
prefix,zh,none,zhao_long,neutral,pre_commit_compliance,diff,94,0.9561509702688268,0.9837006975942283,,-0.01869158878504673,-0.0004775087990385174,,-0.009297565179918088,,,,
prefix,zh,none,zhao_long,neutral,post_commit_compliance,diff,93,0.6595744680851063,0.9461538461538461,,-0.15501165501165504,-0.03675048355899424,,-0.08333333333333337,,,,
prefix,zh,none,zhao_long,neutral,pre_commit_en_share,diff,94,0.043849029731173224,0.014900197832698497,,0.00047750879903854407,0.018018018018018018,,0.009297565179918123,,,,
prefix,zh,none,zhao_long,neutral,post_commit_en_share,diff,93,0.3404255319148936,0.04597701149425287,,0.0367504835589942,0.15501165501165504,,0.08333333333333333,,,,
prefix,zh,none,zhao_long,neutral,has_switch,rate,100,0.0,0.0,,-0.04333333333333334,0.04,,-3.3306690738754695e-18,0.04,0.04,,
prefix,zh,none,zhao_long,neutral,has_switch_prose,rate,100,0.0,0.0,,-0.013333333333333348,0.15666666666666665,,0.06999999999999998,0.21999999999999997,0.15,,
prefix,zh,none,zhao_long,neutral,has_switch_nt,rate,100,0.6666666666666666,0.0,,0.15166666666666662,0.35833333333333334,,0.25499999999999995,0.585,0.33,,
prefix,zh,none,zhao_long,neutral,has_commit,rate,100,1.0,1.0,,-0.0033333333333333383,0.09,,0.039999999999999994,0.98,0.94,,
prefix,zh,none,zhao_long,neutral,switch_after_commit,rate,1,1.0,1.0,,,,,,1.0,1.0,,
prefix,zh,none,zhao_long,neutral,switch_nt_after_commit,rate,29,1.0,1.0,,-0.25862068965517243,0.08620689655172412,,-0.08620689655172416,0.7413793103448276,0.8275862068965517,,
prefix,zh,none,zhao_long,neutral,has_tail_en,rate,100,0.6666666666666666,0.0,,0.20666666666666664,0.4099999999999999,,0.31,0.62,0.31,,
prefix,zh,none,zhao_long,neutral,has_tail_en_5,rate,100,0.3333333333333333,0.0,,0.13666666666666663,0.3383333333333334,,0.23833333333333329,0.47833333333333344,0.24,,
